food_code,food_name,primarysource,energy_kj,energy_kcal,carb_g,protein_g,fat_g,freesugar_g,fibre_g,servings_unit,unit_serving_energy_kcal
ASC001,Hot tea (Garam Chai),asc_manual,68.1615219116211,16.144298553466797,2.5819475650787354,0.3878859877586365,0.5320665240287781,2.576009511947632,0.0,tea cup,33.98374938964844
ASC002,Instant coffee,asc_manual,97.76667022705078,23.155832290649414,3.6533334255218506,0.640666663646698,0.746666669845581,3.615000009536743,0.0,tea cup,104.20124816894531
ASC003,Espreso coffee,asc_manual,216.99684143066406,51.543373107910156,6.620504856109619,1.7470030784606934,2.1381702423095703,6.533753871917725,0.0,tea cup,81.69625091552734
ASC004,Iced tea,asc_manual,44.09062194824219,10.342187881469727,2.7015624046325684,0.027968749403953552,0.010937499813735485,2.7015624046325684,0.0,tall glass,33.095001220703125
ASC005,Raw mango drink (Aam panna),asc_manual,152.39479064941406,35.91822052001953,9.047467231750488,0.15703445672988892,0.026340782642364502,7.490847110748291,0.6120251417160034,tall glass,96.44041442871094
ASC006,Fruit Punch (with fresh juices),asc_manual,153.8872833251953,36.116844177246094,9.38059139251709,0.13934893906116486,0.03250204399228096,9.245637893676758,0.06005493178963661,tall glass,196.59661865234375
ASC007,Fruit Punch (with squashes),asc_manual,98.22452545166016,23.12828254699707,5.989855766296387,0.0723448097705841,0.016838526353240013,5.883439064025879,0.16822615265846252,tall glass,116.2970962524414
ASC008,Lemonade,asc_manual,88.66141510009766,20.798982620239258,5.478568077087402,0.034817468374967575,0.010450966656208038,5.471953868865967,0.016864709556102753,glass,72.64044952392578
ASC009,Lem-o-gin,asc_manual,91.63279724121094,21.517364501953125,5.551969051361084,0.08075683563947678,0.028100909665226936,5.384456634521484,0.12919411063194275,glass,76.76319885253906
ASC010,Cumin infused water (Jeere/Zeere ka pani),asc_manual,38.22722244262695,9.08980655670166,1.8643821477890015,0.16951678693294525,0.1104905903339386,1.46160089969635,0.46353375911712646,glass,30.803081512451172
ASC011,Coco pine cooler,asc_manual,138.47293090820312,32.74876022338867,5.717686176300049,0.5550532341003418,0.9999814629554749,5.52344274520874,0.25724664330482483,tall glass,141.54014587402344
ASC012,Summer cooler,asc_manual,95.21651458740234,22.428831100463867,5.431630611419678,0.37390369176864624,0.03540007397532463,5.212235927581787,0.19671612977981567,tall glass,110.94645690917969
ASC014,Hot cocoa,asc_manual,378.235595703125,90.0999984741211,9.234031677246094,3.3628273010253906,4.562827110290527,9.006282806396484,0.0,cup,172.09100341796875
ASC015,Cold coffee with ice cream,asc_manual,286.6069641113281,67.8487548828125,11.244776725769043,1.5701491832733154,2.109452724456787,11.180099487304688,0.007960199378430843,tall glass,204.56399536132812
ASC016,Banana milkshake (Kele milkshake),asc_manual,274.3270568847656,65.30644989013672,9.145586013793945,1.8432996273040771,2.371230125427246,7.956006050109863,0.2558610737323761,tall glass,225.6337890625
ASC017,Mango milkshake (Aam milkshake),asc_manual,239.12799072265625,56.901123046875,7.231504917144775,1.7267510890960693,2.345879077911377,7.148523330688477,0.26441630721092224,tall glass,202.2834930419922
ASC018,Pineapple milkshake (Ananas milkshake),asc_manual,235.0617218017578,55.71769332885742,7.624691486358643,1.65925931930542,2.228806734085083,7.600000381469727,0.0,tall glass,203.09100341796875
ASC019,Orange milkshake (Narangi milkshake),asc_manual,241.50234985351562,57.41502380371094,7.10704231262207,1.8647887706756592,2.5239436626434326,7.078873157501221,0.0,tall glass,183.4409942626953
ASC020,Egg nog,asc_manual,407.6770935058594,97.14144897460938,8.145041465759277,4.776309490203857,5.11044454574585,8.061746597290039,0.019752884283661842,tall glass,294.8243103027344
ASC021,Sweet Lassi (Meethi lassi),asc_manual,151.1864471435547,35.66101837158203,6.508474826812744,1.2881355285644531,0.6779661178588867,6.508474826812744,0.0,tall glass,157.8000030517578
ASC022,Lassi (salted),asc_manual,79.42941284179688,18.844942092895508,1.856243371963501,1.3549379110336304,0.7186296582221985,1.8436976671218872,0.017926756292581558,tall glass,79.76121520996094
ASC023,Cheese and chilli sandwich ,asc_manual,916.6547241210938,218.1146697998047,27.40143394470215,6.795605182647705,9.780448913574219,2.3799102306365967,2.078744411468506,triangle,121.59893035888672
ASC024,Egg sandwich (Ande ka sandwich),asc_manual,1198.246337890625,285.95709228515625,29.15723991394043,8.694679260253906,15.797734260559082,1.863645315170288,1.8776354789733887,triangle,145.12322998046875
ASC025,Cucumber sandwich (Kheere ka sandwich),asc_manual,792.8148193359375,188.597900390625,25.76510238647461,4.798436164855957,7.997695446014404,1.6432921886444092,2.449218273162842,triangle,114.57322692871094
ASC026,Cheese and pineapple sandwich (Cheese aur ananas ka sandwich),asc_manual,1080.7802734375,257.7143249511719,29.101882934570312,8.196501731872559,12.797489166259766,4.101883411407471,2.3298654556274414,triangle,143.6757354736328
ASC027,Cheese and tomato sandwich (Cheese aur tamatar ke sandwich),asc_manual,1020.4463500976562,243.31991577148438,26.92240333557129,7.9185404777526855,12.274420738220215,2.8468668460845947,1.9749356508255005,triangle,141.73385620117188
ASC028,Chicken sandwich,asc_manual,1063.579345703125,253.27267456054688,25.377338409423828,13.124119758605957,11.748669624328613,1.5979398488998413,1.6358798742294312,triangle,147.5313262939453
ASC029,Peanut and tomato sandwich (Moongfali aur tamatar ka sandwich),asc_manual,1223.061767578125,291.4269104003906,28.544937133789062,9.528888702392578,16.13761329650879,2.816131591796875,4.029465198516846,triangle,177.04185485839844
ASC030,Rainbow sandwich,asc_manual,1145.565673828125,272.75140380859375,34.263946533203125,7.746617794036865,12.539576530456543,4.045274257659912,2.10280179977417,triangle,130.443359375
ASC031,Club sandwich ,asc_manual,982.352783203125,235.3241729736328,18.508420944213867,7.3101277351379395,15.121536254882812,2.0132575035095215,1.8081934452056885,triangle,206.79112243652344
ASC032,Vegetarian club sandwich,asc_manual,829.6741943359375,198.32925415039062,19.684192657470703,5.451312065124512,11.329170227050781,2.0804224014282227,2.0566515922546387,triangle,164.36537170410156
ASC033,Pin wheel sandwich,asc_manual,1295.399169921875,311.5205993652344,14.004125595092773,8.766905784606934,24.934709548950195,1.4543497562408447,0.928968608379364,triangle,86.83636474609375
ASC034,Carrot apple sandwich (Gajar aur seb ka sandwich),asc_manual,899.8164672851562,214.11184692382812,29.04496192932129,5.297377586364746,9.123984336853027,5.295166969299316,3.656041145324707,triangle,208.22377014160156
ASC035,Salami sandwich,asc_manual,1068.3502197265625,255.5937042236328,21.538450241088867,8.695690155029297,15.509899139404297,1.996363639831543,1.969562292098999,triangle,189.7783203125
ASC036,Vegetable and mayonnaise sandwich,asc_manual,1020.2283935546875,244.2624969482422,23.201412200927734,4.473674774169922,15.398404121398926,2.348879814147949,2.351200580596924,triangle,166.83128356933594
ASC037,Egg and tomato sandwich (Ande aur tamatar ka sandwich),asc_manual,933.2310791015625,222.1063690185547,25.903024673461914,7.655546188354492,10.509202003479004,2.0916805267333984,1.7674790620803833,triangle,132.15328979492188
ASC038,Sweet open sandwich,asc_manual,1026.9322509765625,244.2458038330078,39.24372863769531,4.985423564910889,8.153898239135742,12.230847358703613,2.3566102981567383,triangle,144.1050262451172
ASC039,Mushroom and cheese sandwich (toasted),asc_manual,951.3003540039062,227.4191131591797,21.012937545776367,7.785544395446777,13.008052825927734,2.1066665649414062,2.2843563556671143,triangle,172.2699737548828
ASC040,Cheese and tomato sandwich (toasted) (Cheese aur tamatar ke sandwich (toasted)),asc_manual,939.419189453125,224.5795135498047,21.415576934814453,6.821847915649414,12.951947212219238,2.674323320388794,1.779405951499939,triangle,170.1189727783203
ASC041,Pea potato sandwich (toasted) (Matar aloo ka sandwich),asc_manual,692.5997924804688,164.90065002441406,25.16836166381836,4.604915618896484,5.42716121673584,1.332777500152588,2.8859055042266846,toasted triangle,146.55545043945312
ASC042,Paneer pea sandwich (toasted) (Paneer matar ka sandwich),asc_manual,1046.80517578125,249.55572509765625,24.052186965942383,12.400134086608887,11.975685119628906,6.396068572998047,2.1162853240966797,toasted triangle,221.7926483154297
ASC043,Chicken sandwich (toasted),asc_manual,705.5847778320312,167.36798095703125,18.81935691833496,12.081052780151367,5.315614223480225,2.1342689990997314,1.6419882774353027,toasted triangle,143.09962463378906
ASC044,Pea keema sandwich (toasted) (Matar aur keema ka sandwich),asc_manual,723.4983520507812,171.77516174316406,20.25550651550293,11.055025100708008,5.611410140991211,1.9430606365203857,2.4534075260162354,toasted triangle,145.39048767089844
ASC045,Classic club sandwich,asc_manual,840.3042602539062,200.83099365234375,18.491588592529297,6.73637580871582,11.56259536743164,1.8572258949279785,1.6238478422164917,triangle,448.8572998046875
ASC046,Sesame toast,asc_manual,2042.69482421875,495.18634033203125,11.146966934204102,1.8990991115570068,49.378177642822266,1.4626426696777344,1.318979024887085,toasted triangle,309.1819763183594
ASC047,Cracked wheat porridge (Meetha daliya),asc_manual,341.08685302734375,81.56513977050781,8.870967864990234,2.6426796913146973,4.0806450843811035,5.117866039276123,0.6203473806381226,bowl,328.70751953125
ASC048,Semolina porridge (Suji/Rava daliya),asc_manual,423.05755615234375,100.89435577392578,12.38705062866211,3.750359535217285,4.082014083862305,7.537769794464111,0.6992805600166321,bowl,280.4862976074219
ASC050,Oatmeal Porridge,asc_manual,306.457275390625,72.85364532470703,8.766331672668457,2.595477342605591,3.2211055755615234,5.197236061096191,0.3919597864151001,bowl,289.9574890136719
ASC051,Cornflakes with milk,asc_manual,493.7050476074219,117.32661437988281,14.948201179504395,3.59136700630188,5.119424343109131,9.973381042480469,0.7769784331321716,bowl,326.1679992675781
ASC052,Rice flakes (Chiwda/Aval),asc_manual,471.3669128417969,112.4402847290039,15.568704605102539,3.6172661781311035,3.990647315979004,7.279856204986572,0.37338128685951233,bowl,312.583984375
ASC053,Wheat flakes,asc_manual,471.3669128417969,112.4402847290039,15.568704605102539,3.6172661781311035,3.990647315979004,7.279856204986572,0.37338128685951233,bowl,312.583984375
ASC054,Murmura (Puffed rice),asc_manual,475.0359802246094,113.31719207763672,15.66906452178955,3.6205034255981445,4.042446136474609,7.312230110168457,0.27625900506973267,bowl,315.02178955078125
ASC055,Puffed wheat (Murmure/Moori),asc_manual,475.0359802246094,113.31719207763672,15.66906452178955,3.6205034255981445,4.042446136474609,7.312230110168457,0.27625900506973267,bowl,315.02178955078125
ASC056,Boiled egg (Ubla anda),asc_manual,189.76821899414062,45.3546028137207,0.11993376910686493,4.430860996246338,3.0388741493225098,0.001059602596797049,0.10980132967233658,egg,68.4854507446289
ASC057,Fried Egg ,asc_manual,928.1904907226562,223.66744995117188,0.3135930597782135,11.585453987121582,19.62242317199707,0.002770562656223774,0.28709957003593445,egg,129.16795349121094
ASC058,Poached egg,asc_manual,518.0535888671875,123.86688232421875,0.3662499785423279,11.97607135772705,8.194107055664062,0.04571428522467613,0.29607143998146057,egg,69.3654556274414
ASC059,Scrambled egg (Ande ki bhurji),asc_manual,649.5142822265625,155.97100830078125,1.3515714406967163,10.290857315063477,12.212428092956543,1.0844285488128662,0.23685714602470398,egg,109.17970275878906
ASC060,Baked egg ,asc_manual,916.6336669921875,218.84698486328125,15.416930198669434,11.881781578063965,12.652177810668945,1.6649504899978638,1.02554452419281,egg,221.03546142578125
ASC061,Plain omelette/omlet,asc_manual,1127.426513671875,272.4109802246094,0.6448251605033875,9.664055824279785,25.74034881591797,0.5140559673309326,0.11594405770301819,omelette,389.5476989746094
ASC062,Stuffed egg omelette/omlet,asc_manual,843.31298828125,203.51486206054688,2.3019466400146484,8.602519035339355,17.774503707885742,1.5683587789535522,0.7503053545951843,omelette,533.2089233398438
ASC063,Pancake,asc_manual,846.211669921875,203.35560607910156,20.48965072631836,5.68212890625,10.816617012023926,3.3151979446411133,0.6528680920600891,pancake,85.96858215332031
ASC064,Keema pancake,asc_manual,733.0740966796875,176.2749786376953,9.559337615966797,9.006999969482422,11.245588302612305,2.1966712474823,0.840624213218689,pancake,194.5767364501953
ASC065,Vegetable pancake,asc_manual,520.552490234375,125.17634582519531,12.23516845703125,3.865659475326538,6.573175430297852,2.08504056930542,2.477165937423706,pancake,146.6440887451172
ASC066,Jam and fruit pancake,asc_manual,675.434814453125,162.0184326171875,20.727575302124023,3.791611433029175,7.008038520812988,7.847491264343262,1.2086658477783203,pancake,106.567626953125
ASC067,Khoa and coconut pancake,asc_manual,1138.7784423828125,271.980712890625,27.323190689086914,6.979613304138184,15.294413566589355,16.470800399780273,1.6516162157058716,pancake,193.5142822265625
ASC068,Brown stock,asc_manual,89.24229431152344,21.324813842773438,0.2517152726650238,1.9483927488327026,1.3840610980987549,0.14024583995342255,0.09378182142972946,cup,103.65458679199219
ASC069,Vegetable stock,asc_manual,72.83649444580078,17.604402542114258,0.9595896005630493,0.2996930778026581,1.377679467201233,0.4429078698158264,0.3815610408782959,cup,73.13308715820312
ASC070,Chicken stock,asc_manual,125.02301025390625,29.880197525024414,0.36780157685279846,3.6864609718322754,1.5104801654815674,0.19571751356124878,0.10351110994815826,cup,112.33460235595703
ASC079,Clear tomato soup (Tamatar ka soup),asc_manual,330.9048156738281,80.07408905029297,3.4506852626800537,4.793009281158447,12.224908828735352,1.4366905689239502,1.963787317276001,soup bowl,318.41461181640625
ASC080,Lentil soup,asc_manual,129.85047912597656,31.16623878479004,3.9445831775665283,9.653425216674805,11.678777694702148,1.0551661252975464,2.5739505290985107,soup bowl,121.308349609375
ASC081,Chicken consomme (Clear chicken soup),asc_manual,199.24435424804688,47.944820404052734,1.1854139566421509,11.471491813659668,12.01870346069336,0.5409916043281555,1.5683488845825195,soup bowl,108.3073501586914
ASC082,Cream of tomato soup,asc_manual,404.6037902832031,97.81221771240234,3.9280059337615967,4.610315799713135,13.115484237670898,1.8071366548538208,1.3752379417419434,soup bowl,452.28369140625
ASC083,Cream of green peas soup,asc_manual,529.63037109375,127.84082794189453,6.750673294067383,7.126903533935547,14.781371116638184,1.6098653078079224,2.950526475906372,soup bowl,522.2297973632812
ASC084,Cream of spinach soup,asc_manual,416.0080871582031,100.53778076171875,3.446488857269287,5.214042663574219,13.30996322631836,1.1309452056884766,1.7408103942871094,soup bowl,465.117919921875
ASC085,Cream of mixed vegetable soup,asc_manual,248.41831970214844,59.64580535888672,4.931180953979492,6.844812393188477,9.04925537109375,2.0977373123168945,2.1433775424957275,soup bowl,216.15640258789062
ASC086,Cream of mushroom soup,asc_manual,484.6348876953125,117.27780151367188,3.7424185276031494,6.6403021812438965,15.500728607177734,1.931230068206787,1.3361760377883911,soup bowl,439.8269348144531
ASC087,Chicken sweet corn soup,asc_manual,119.03102111816406,28.32048225402832,1.632999062538147,14.47509765625,12.593029975891113,0.2650051712989807,0.46616339683532715,soup bowl,68.46476745605469
ASC088,Minestrone soup,asc_manual,178.39413452148438,42.65936279296875,3.7148396968841553,9.303705215454102,11.087420463562012,1.014839768409729,1.9226291179656982,soup bowl,98.16986083984375
ASC089,Egg drop soup,asc_manual,110.83399200439453,26.63651466369629,1.1007238626480103,12.929913520812988,13.516396522521973,0.604657769203186,0.8106687664985657,soup bowl,84.63752746582031
ASC090,Chinese cabbage and meat ball soup,asc_manual,1992.3736572265625,484.30548095703125,1.4290056228637695,5.210831642150879,56.57162094116211,0.37342920899391174,0.56608647108078,soup bowl,2254.248291015625
ASC091,French onion soup,asc_manual,230.89599609375,55.60973358154297,4.2752203941345215,11.40778636932373,14.39195728302002,1.502301812171936,1.0132992267608643,soup bowl,195.69065856933594
ASC092,Hot and sour soup,asc_manual,132.16537475585938,31.513946533203125,1.7757666110992432,3.1162946224212646,1.312411904335022,0.6560335755348206,0.6012079119682312,soup bowl,123.84980773925781
ASC093,Talaumein soup,asc_manual,149.3231201171875,35.62731170654297,4.171391487121582,10.122030258178711,12.784790992736816,0.7679230570793152,1.9394147396087646,soup bowl,131.48260498046875
ASC094,Cold cucumber soup (Thanda kheere ka soup),asc_manual,201.4317169189453,48.02956771850586,4.580854415893555,2.9876434803009033,1.990923285484314,3.3449158668518066,0.8775031566619873,soup bowl,90.1298828125
ASC095,Cold summer garden soup,asc_manual,203.381103515625,49.18648147583008,2.645667791366577,8.571334838867188,14.081335067749023,0.4605211913585663,1.8566449880599976,soup bowl,151.00250244140625
ASC096,Chapati/Roti,asc_manual,844.75,202.3111114501953,35.64999771118164,5.875,3.5611112117767334,1.0,6.3111114501953125,chapati,72.83200073242188
ASC097,Plain parantha/paratha,asc_manual,1237.5462646484375,298.30084228515625,30.69233512878418,5.055602073669434,16.858184814453125,0.8609350919723511,5.433456897735596,parantha,166.3126678466797
ASC098,Potato parantha/paratha (Aloo ka parantha/paratha),asc_manual,851.6143188476562,205.04238891601562,23.920074462890625,3.6979143619537354,10.220277786254883,1.15238356590271,4.17527961730957,parantha,191.4344024658203
ASC099,Radish parantha/paratha (Mooli ka parantha/paratha),asc_manual,762.000244140625,183.52423095703125,20.542415618896484,3.297506809234619,9.527800559997559,1.30684494972229,4.324216365814209,parantha,183.57928466796875
ASC100,Cauliflower parantha/paratha (Phoolgobhi ka parantha/paratha),asc_manual,739.2868041992188,178.07040405273438,18.837081909179688,3.726067066192627,9.46512508392334,1.147685170173645,4.6809587478637695,parantha,181.38844299316406
ASC101,Dal parantha/paratha,asc_manual,1114.6883544921875,268.2444763183594,30.032482147216797,6.775821685791016,13.053577423095703,1.4258382320404053,6.463358402252197,parantha,205.7345733642578
ASC102,Sprouted moong parantha/paratha,asc_manual,948.7098388671875,228.59439086914062,24.306026458740234,4.292011260986328,12.426431655883789,1.474080204963684,4.488044261932373,parantha,175.32427978515625
ASC103,Pea parantha/paratha (Matar ka parantha/paratha),asc_manual,792.6071166992188,190.73114013671875,21.512731552124023,5.594754695892334,8.798940658569336,1.287093162536621,5.606614112854004,parantha,206.6826171875
ASC104,Keema parantha/paratha,asc_manual,989.265380859375,238.086181640625,18.35640525817871,9.405674934387207,13.909818649291992,0.9902732968330383,3.441148042678833,parantha,238.15760803222656
ASC105,Paneer parantha/paratha,asc_manual,1093.3538818359375,262.9658203125,24.326213836669922,7.984040260314941,14.621496200561523,3.7711048126220703,4.000173091888428,parantha,223.59983825683594
ASC106,Besan and spinach parantha/paratha (Besan aur palak ka parantha/paratha),asc_manual,901.2130126953125,216.49209594726562,21.389270782470703,5.544742584228516,12.086648941040039,1.3119601011276245,4.393850326538086,parantha,178.1224822998047
ASC107,Poori,asc_manual,3035.5869140625,737.6346435546875,8.220335960388184,1.354683756828308,77.60576629638672,0.23058447241783142,1.4552441835403442,poori,921.3056640625
ASC108,Spinach poori (Palak poori),asc_manual,2816.03564453125,684.25439453125,7.757184982299805,1.4218518733978271,71.85770416259766,0.23644445836544037,1.5484445095062256,poori,923.7434692382812
ASC109,Methi poori,asc_manual,2922.037109375,710.0203247070312,7.981307506561279,1.4534616470336914,74.6041488647461,0.2609230875968933,1.61338472366333,poori,923.0264892578125
ASC110,Dal stuffed poori,asc_manual,3231.842041015625,785.162841796875,10.137200355529785,2.0753488540649414,81.68533325195312,0.2936740815639496,1.9644328355789185,poori,932.6478271484375
ASC111,Potato stuffed poori (Aloo ki poori),asc_manual,3196.778564453125,776.7381591796875,9.400838851928711,1.5213927030563354,81.35301971435547,0.2637583911418915,1.6401007175445557,poori,925.8718872070312
ASC112,Tandoori parantha/paratha,asc_manual,1225.73046875,295.37005615234375,30.7401180267334,5.079640865325928,16.512575149536133,0.8622754812240601,5.441916465759277,parantha,164.42266845703125
ASC113,Boiled rice (Uble chawal),asc_manual,490.3333435058594,117.18966674804688,25.720001220703125,2.6033332347869873,0.18333333730697632,0.22333334386348724,1.246666669845581,plate,351.5690002441406
ASC114,Plain pulao,asc_manual,583.7749633789062,140.20791625976562,21.81610870361328,2.338649034500122,4.622068881988525,1.145469307899475,1.685498595237732,plate,431.7001647949219
ASC115,Mixed vegetable pulao,asc_manual,470.9952087402344,113.0494384765625,17.489917755126953,2.722787380218506,3.327634572982788,1.3519388437271118,2.6673471927642822,plate,495.6087646484375
ASC116,Mushroom pulao,asc_manual,517.562255859375,124.28645324707031,19.018360137939453,2.5225167274475098,4.029394626617432,0.9980189800262451,1.8818777799606323,plate,445.4426574707031
ASC117,Sprouted moong pulao,asc_manual,470.4444885253906,112.97147369384766,17.491247177124023,2.1882078647613525,3.607832670211792,1.4321892261505127,1.7846653461456299,plate,460.8106384277344
ASC118,Paneer pulao,asc_manual,2396.197998046875,581.9120483398438,8.757226943969727,1.9848072528839111,59.809207916259766,1.1113379001617432,0.6193639039993286,plate,4875.8408203125
ASC119,Peanut pulao ,asc_manual,806.2149047851562,193.2752685546875,21.180999755859375,5.3159260749816895,9.512810707092285,1.6029337644577026,2.900153636932373,plate,691.732177734375
ASC120,Navratan pulao,asc_manual,1090.189453125,261.707763671875,36.979042053222656,6.198443412780762,9.453126907348633,2.5189785957336426,3.8167121410369873,plate,479.1868896484375
ASC121,Green chickpeas pulao (Choliya pulao/Hare chane ka pulao),asc_manual,722.951416015625,173.42837524414062,27.569656372070312,4.875859260559082,4.820158958435059,2.480273723602295,3.154414653778076,plate,620.7001342773438
ASC122,Mutton biryani/biriyani,asc_manual,795.739013671875,190.76315307617188,22.495088577270508,7.376446723937988,7.724486827850342,2.389554023742676,2.415123462677002,plate,396.4344482421875
ASC123,Vegetable biryani/biriyani,asc_manual,724.7648315429688,174.60516357421875,18.557273864746094,3.1605417728424072,9.507964134216309,2.1417360305786133,3.3085036277770996,plate,526.548095703125
ASC124,"Lemon rice (Pulihora, Elumichai sadam, Chitranna)",asc_manual,734.9304809570312,176.30288696289062,21.622270584106445,4.256220817565918,7.8798065185546875,0.777531623840332,2.522399425506592,plate,562.6882934570312
ASC125,Sweet rice (Meethe chawal),asc_manual,906.1187744140625,215.41348266601562,42.59217071533203,2.095991611480713,4.565640926361084,24.8045654296875,1.130673885345459,plate,749.1326904296875
ASC126,Curd rice (Dahi bhaat/Dahi chawal/ Perugu annam/Daddojanam/Thayir saadam),asc_manual,818.4671630859375,195.73703002929688,32.93044662475586,5.753233909606934,4.316627025604248,3.914783477783203,2.1338064670562744,plate,423.10516357421875
ASC127,Tamarind rice (Chintapandu pulihora/Puliyodharai/Puli sadam/Huli anna),asc_manual,1556.8211669921875,373.0386047363281,65.08139038085938,7.453181743621826,8.532773971557617,11.649308204650879,5.117789268493652,plate,476.8552551269531
ASC128,Spanish rice,asc_manual,686.2390747070312,164.24085998535156,31.09807014465332,4.189563274383545,2.2327356338500977,1.2596322298049927,2.7778851985931396,plate,357.2238464355469
ASC129,Chinese fried rice,asc_manual,502.2953186035156,120.58412170410156,13.401684761047363,4.05177116394043,5.434627056121826,1.4722087383270264,2.312879800796509,plate,423.648193359375
ASC133,Macroni cheese pie,asc_manual,717.1565551757812,170.62753295898438,21.09503173828125,5.85098123550415,7.483591079711914,3.4027557373046875,0.39908143877983093,casserole dish,408.6529541015625
ASC134,Vegetable chowmein,asc_manual,543.3236694335938,129.71388244628906,15.444334983825684,3.066948175430298,6.358810901641846,1.9676917791366577,1.8633472919464111,plate,388.59686279296875
ASC135,Chicken chowmein,asc_manual,632.980224609375,151.3335723876953,13.301461219787598,6.331267833709717,8.234783172607422,1.6309642791748047,1.6449854373931885,plate,521.04150390625
ASC136,Cheese noodle ring,asc_manual,561.07421875,133.66921997070312,13.955496788024902,6.224301815032959,6.117282867431641,2.843169689178467,1.2688804864883423,plate,531.3351440429688
ASC137,Spaghetti and cheese balls in tomato sauce,asc_manual,2095.4609375,508.322021484375,7.815141677856445,2.4087061882019043,52.08030700683594,1.8348984718322754,0.5925891995429993,plate,4908.3828125
ASC138,Penne platter,asc_manual,744.455078125,177.40061950683594,20.872121810913086,5.040764808654785,8.709636688232422,4.501567840576172,1.091510534286499,plate,463.902587890625
ASC139,Pasta hot pot,asc_manual,524.2405395507812,125.17289733886719,11.601784706115723,5.837541580200195,6.466379642486572,5.993335247039795,0.8040021061897278,plate,1040.7125244140625
ASC140,Chicken lasagne,asc_manual,785.1788330078125,187.4915313720703,13.902274131774902,10.452420234680176,10.36139965057373,2.742215633392334,0.10575316101312637,plate,964.6439208984375
ASC141,Fettuccine with spinach sauce,asc_manual,540.0045776367188,129.20672607421875,12.18928050994873,3.103574752807617,7.828339576721191,1.1831419467926025,0.7732551693916321,plate,458.8518371582031
ASC142,Naan,asc_manual,1197.7962646484375,286.44964599609375,51.75419998168945,8.05210018157959,4.987837314605713,5.586300849914551,1.9091849327087402,naan,152.2957305908203
ASC143,Bhatura,asc_manual,3265.000244140625,793.2029418945312,10.733963012695312,1.6303993463516235,82.5638427734375,0.6942034959793091,0.37921854853630066,bhatura,1154.6060791015625
ASC144,Idli,asc_manual,575.4613647460938,137.53526306152344,28.17755699157715,4.637406349182129,0.33316707611083984,0.28428927063941956,2.3092269897460938,idli,34.46977615356445
ASC146,Masala dosa,asc_manual,683.7960205078125,164.5846710205078,19.566587448120117,3.2877273559570312,7.840357303619385,1.32723867893219,2.522749423980713,dosa,345.0764465332031
ASC147,Semolina dosa (Suji/Rava dosa),asc_manual,947.5578002929688,227.05209350585938,32.84082794189453,7.300220012664795,7.116666316986084,4.374471187591553,4.044466972351074,dosa,166.69029235839844
ASC148,Onion tomato uttapam,asc_manual,1903.542236328125,462.0191955566406,11.315990447998047,1.9062505960464478,45.30297088623047,0.796848714351654,1.26231849193573,uttapam,644.3204345703125
ASC149,Paneer kaathi roll,asc_manual,1186.2999267578125,285.942138671875,20.103469848632812,6.916443347930908,19.554462432861328,3.294161558151245,2.404341220855713,kaathi roll,424.15228271484375
ASC150,Makki ki roti,asc_manual,1094.5211181640625,263.9683532714844,24.191999435424805,3.4924707412719727,16.849411010742188,0.6976470351219177,5.191764831542969,roti,224.37310791015625
ASC151,Washed moong dal (Dhuli moong ki dal),asc_manual,208.28158569335938,50.00269317626953,5.906931400299072,2.677743673324585,1.680992841720581,0.12059566378593445,1.1709928512573242,bowl,138.50746154785156
ASC152,Washed urad dal (Dhuli urad ki dal),asc_manual,254.82431030273438,61.32363510131836,5.8411149978637695,2.5109291076660156,2.9800169467926025,0.3224831223487854,1.5285979509353638,bowl,181.51795959472656
ASC153,Split bengal gram with bottle gourd (Channa dal with ghiya/lauki),asc_manual,304.6279296875,73.25393676757812,7.101042747497559,2.789580821990967,3.602670431137085,1.0464659929275513,2.720830202102661,bowl,204.2539520263672
ASC154,Dry washed urad,asc_manual,520.0,124.71212768554688,15.66222095489502,6.8496856689453125,3.4971020221710205,0.7276187539100647,4.05785608291626,bowl,178.5877685546875
ASC155,Mixed dal,asc_manual,257.3645935058594,61.92817687988281,5.792935848236084,2.5055992603302,3.103567600250244,0.3387412130832672,1.6162534952163696,bowl,184.44068908691406
ASC156,Whole moong (Moong ki dal),asc_manual,223.1586456298828,53.698612213134766,5.218648910522461,2.249401330947876,2.5644569396972656,0.5858303308486938,2.0171144008636475,bowl,183.8264617919922
ASC157,Whole masoor (Masoor ki dal),asc_manual,224.6484375,54.05467224121094,5.37463903427124,2.2791972160339355,2.518010377883911,0.6699597239494324,1.9838132858276367,bowl,185.0453643798828
ASC158,Whole moth (Moth ki dal),asc_manual,228.5919952392578,54.99718475341797,5.740952014923096,2.005776882171631,2.6187903881073,0.6576908230781555,1.84885573387146,bowl,188.2718505859375
ASC159,Whole urad (Urad ki dal),asc_manual,223.54905700683594,53.795135498046875,5.047299385070801,2.213059902191162,2.62381911277771,0.5669622421264648,2.3189191818237305,bowl,182.54302978515625
ASC160,Moti mahal dal (Urad rajmah mix dal),asc_manual,428.4725341796875,103.12796020507812,8.737751007080078,3.929511785507202,5.656059265136719,1.7049695253372192,3.3802528381347656,bowl,295.71942138671875
ASC161,Black channa curry/Bengal gram curry (Kale chane ki curry),asc_manual,585.3535766601562,140.67662048339844,14.114450454711914,5.666234970092773,6.610110759735107,2.355384349822998,7.989398956298828,bowl,168.69940185546875
ASC162,Chickpeas curry (Safed channa curry),asc_manual,680.166748046875,163.43203735351562,19.97835922241211,6.099023818969727,6.842765808105469,4.784503936767578,4.732227325439453,bowl,195.98770141601562
ASC163,Lobia curry,asc_manual,620.1267700195312,148.98741149902344,17.881961822509766,6.064000129699707,5.619450569152832,2.507986307144165,4.567117214202881,bowl,178.66571044921875
ASC164,Soyabean curry,asc_manual,679.9166259765625,163.27719116210938,6.759547233581543,10.426908493041992,10.189997673034668,2.6580862998962402,7.341466903686523,bowl,195.802001953125
ASC165,Kidney bean curry (Rajmah curry),asc_manual,598.112060546875,143.7259063720703,16.378459930419922,5.951425075531006,5.7745537757873535,2.4879729747772217,5.825456142425537,bowl,172.35610961914062
ASC167,Sambar,asc_manual,404.498046875,96.91847229003906,10.567740440368652,3.3500633239746094,4.382696628570557,3.3076579570770264,3.5215985774993896,bowl,249.32276916503906
ASC168,Besan kadhi with pakodies,asc_manual,1661.215576171875,403.3492126464844,3.5637803077697754,1.6443043947219849,42.5884895324707,0.8779765963554382,0.8116763234138489,bowl,2366.792724609375
ASC169,Khatta channa,asc_manual,841.5595703125,202.56605529785156,21.140640258789062,6.295548915863037,10.559773445129395,4.749385356903076,5.260317325592041,bowl,318.1502380371094
ASC170,Sprouted moong dal chat,asc_manual,135.7894744873047,32.47376251220703,6.005068302154541,1.3497076034545898,0.32163742184638977,1.566861629486084,1.3450292348861694,plate,83.29520416259766
ASC171,Potato cauliflower (Aloo gobhi),asc_manual,439.2431945800781,106.17748260498047,5.990505218505859,1.8975750207901,8.125692367553711,0.43618035316467285,3.0182628631591797,bowl,186.60691833496094
ASC172,Potato capsicum (Shimla mirch aloo),asc_manual,519.3829956054688,125.52963256835938,8.716957092285156,1.409610629081726,9.332274436950684,0.5350494384765625,2.0246083736419678,bowl,189.23593139648438
ASC173,Cabbage and peas (Pattagobhi aur matar),asc_manual,265.73529052734375,63.88294219970703,6.235406398773193,3.2393312454223633,2.6449499130249023,0.9664132595062256,3.9855921268463135,bowl,106.20539093017578
ASC174,Carrot and fenugreek leaves (Gajar methi),asc_manual,257.0143737792969,61.91693878173828,4.170989990234375,2.095118284225464,3.806856632232666,2.1075291633605957,4.428805828094482,bowl,118.10655975341797
ASC175,Potato fenugreek (Aloo methi),asc_manual,559.2239379882812,135.14739990234375,8.468133926391602,2.24550199508667,10.040675163269043,0.5435065031051636,2.9267795085906982,bowl,276.03857421875
ASC177,Brinjal bhartha (Baingan ka bhartha),asc_manual,269.7462158203125,65.11573028564453,4.397458076477051,1.3797035217285156,4.4805498123168945,1.816042423248291,3.2744195461273193,bowl,212.16659545898438
ASC178,Dry potato (Sookhe aloo),asc_manual,429.1229248046875,103.14553833007812,14.378251075744629,1.6200236082077026,4.182056903839111,0.3285106420516968,1.8769739866256714,bowl,109.07640075683594
ASC179,Beans with coconut (Nariyal aur sem/phali; Beans thoran),asc_manual,547.2544555664062,131.63136291503906,4.393538951873779,2.618790864944458,11.393542289733887,2.062751054763794,5.585058689117432,bowl,196.84153747558594
ASC180,Cauliflower with coconut (Nariyal ke saath phoolgobhi),asc_manual,549.2606201171875,132.11083984375,3.9923083782196045,2.638852596282959,11.560721397399902,1.7083308696746826,5.270761966705322,bowl,197.5585479736328
ASC181,Carrot and cabbage with coconut (Nariyal ke saath pattagobhi aur gajar),asc_manual,443.45208740234375,106.61273193359375,4.994035243988037,1.8197554349899292,8.621280670166016,2.355236053466797,4.521347522735596,bowl,212.73504638671875
ASC182,Raw turnip with coconut ,asc_manual,550.5980224609375,132.14828491210938,5.7777838706970215,1.8029557466506958,11.467101097106934,4.403262138366699,2.7898201942443848,bowl,197.6145477294922
ASC183,Raw papaya with coconut (Papaya thoran),asc_manual,551.9354858398438,132.7501220703125,5.5771684646606445,1.5354688167572021,11.42029094696045,3.8214778900146484,4.314496040344238,bowl,198.51454162597656
ASC184,Stuffed okra (Bharwa bhindi),asc_manual,390.01409912109375,94.34012603759766,3.8542532920837402,2.079592704772949,7.655135631561279,0.4805203378200531,4.146153926849365,bowl,104.24584197998047
ASC185,Stuffed round gourd (Bharwa tinde),asc_manual,301.0392761230469,72.7967758178711,4.020564079284668,1.1034642457962036,5.7472004890441895,1.959667682647705,2.103806734085083,bowl,180.71798706054688
ASC186,Stuffed capsicum (Bharwa shimla mirch),asc_manual,376.99249267578125,90.94032287597656,8.255976676940918,1.3372509479522705,5.704382419586182,1.2133466005325317,2.0107569694519043,capsicum,114.1301040649414
ASC187,Stuffed brinjal (Bharwa baingan),asc_manual,384.40740966796875,92.99759674072266,3.9584197998046875,1.5331376791000366,7.728148937225342,0.9218736290931702,4.091648101806641,brinjal,51.49741744995117
ASC189,Stuffed tomatoes (Bharwa tamatar),asc_manual,387.68634033203125,93.34754943847656,6.1900739669799805,3.2818820476531982,6.059778690338135,2.6756088733673096,2.197859764099121,tomato,126.48592376708984
ASC190,Pea potato curry (Aloo matar),asc_manual,419.09423828125,100.92295837402344,9.739043235778809,3.4828591346740723,5.126852989196777,1.8644886016845703,3.6079277992248535,bowl,279.8896179199219
ASC191,Pea paneer curry (Matar paneer),asc_manual,560.9829711914062,134.83436584472656,9.291922569274902,6.605493068695068,7.750081539154053,3.8927581310272217,3.299630880355835,bowl,373.9361267089844
ASC192,Pea mushroom curry (Matar mushroom),asc_manual,387.18280029296875,93.2961196899414,7.4114909172058105,3.868680953979492,5.161108016967773,1.824824571609497,3.860334634780884,bowl,258.7381286621094
ASC193,Pea curry (Matar ki sabzi),asc_manual,427.7481994628906,102.99124908447266,9.196368217468262,4.5123186111450195,5.108823776245117,1.9816774129867554,4.439067363739014,bowl,285.6256408691406
ASC194,Pea vadi curry,asc_manual,423.4413757324219,101.94745635986328,8.900667190551758,4.637181282043457,5.077193737030029,1.9231497049331665,4.284573554992676,bowl,292.9256286621094
ASC195,Paneer curry,asc_manual,734.20849609375,176.5167694091797,8.398056983947754,7.80112361907959,12.384866714477539,6.285912036895752,1.3991330862045288,bowl,357.1463928222656
ASC196,Lotus stem curry (Kamal kakdi curry),asc_manual,457.30938720703125,110.33787536621094,9.235796928405762,1.529191493988037,7.250926971435547,2.086090087890625,3.141336441040039,bowl,223.2466278076172
ASC197,Gravy for kofta,asc_manual,519.4003295898438,125.58592987060547,6.30678653717041,1.748348355293274,10.349658966064453,3.728222608566284,1.9572532176971436,bowl,174.87840270996094
ASC198,Pea kofta curry (Matar kofta curry),asc_manual,2451.226806640625,595.664794921875,4.1676106452941895,2.0104196071624756,63.392459869384766,0.8833504319190979,1.7043529748916626,bowl,4649.16357421875
ASC199,Spinach kofta curry (Palak kofta curry),asc_manual,2353.02001953125,571.7760620117188,3.5648884773254395,1.0858426094055176,61.49188995361328,0.8187775611877441,0.9238912463188171,bowl,4609.4873046875
ASC200,Paneer kofta curry,asc_manual,2761.294677734375,670.9107666015625,3.2690014839172363,2.3853530883789062,72.06321716308594,1.9810341596603394,0.4012089967727661,bowl,4703.08447265625
ASC201,Lotus stem kofta curry (Kamal kakdi kofta curry),asc_manual,2607.511474609375,633.5641479492188,5.014779090881348,0.9571969509124756,67.76353454589844,0.8781458735466003,1.0125051736831665,bowl,4632.43115234375
ASC202,Raw banana kofta curry (Kela kofta curry),asc_manual,2580.810791015625,627.271484375,3.4044394493103027,0.6216891407966614,67.97930908203125,2.3014891147613525,0.5909394025802612,bowl,4561.330078125
ASC203,Cauliflower kofta curry (Phoolgobhi kofta curry),asc_manual,2637.44287109375,641.099609375,2.616612434387207,1.037197470664978,69.62345886230469,0.8289493322372437,0.9967566132545471,bowl,4559.30810546875
ASC204,Cabbage kofta curry (Pattagobhi kofta curry),asc_manual,2632.23095703125,639.812744140625,2.87414813041687,0.9756070971488953,69.40044403076172,0.8907748460769653,0.9021880030632019,bowl,4562.95263671875
ASC205,Ghiya/Lauki Kofta Curry,asc_manual,2627.603759765625,638.7068481445312,2.7090401649475098,0.8883207440376282,69.40149688720703,0.8234696984291077,0.8348828554153442,bowl,4555.0654296875
ASC206,Spinach paneer kofta curry (Palak paneer kofta curry),asc_manual,2493.69921875,606.025146484375,2.942911386489868,1.426927924156189,65.40789031982422,1.1609245538711548,0.7456361055374146,bowl,4620.94189453125
ASC207,Vegetarian egg kofta curry,asc_manual,2581.8955078125,627.4058227539062,4.260971546173096,1.3274797201156616,67.24187469482422,1.1895006895065308,0.6372975707054138,bowl,4649.0771484375
ASC208,Baked vegetables,asc_manual,371.4322204589844,88.98686218261719,8.436529159545898,3.669917345046997,4.436777114868164,2.5621488094329834,2.335702419281006,bowl,269.18524169921875
ASC209,Cauliflower musallam (Phoolgobhi musallam),asc_manual,244.366943359375,58.82717514038086,4.484461307525635,1.8922444581985474,3.5467426776885986,1.7072473764419556,3.0581061840057373,bowl,127.05198669433594
ASC210,Baked vegetables with spinach ,asc_manual,324.4527587890625,77.79354858398438,6.929444313049316,3.2176640033721924,4.027524948120117,2.0877981185913086,2.325833797454834,bowl,329.47320556640625
ASC211,Baked potato with skin ,asc_manual,563.80224609375,135.77285766601562,11.109951972961426,3.426379680633545,8.503636360168457,1.6577990055084229,1.1966826915740967,bowl,106.41197967529297
ASC212,Shepherd's pie (vegetarian),asc_manual,564.3311767578125,135.63352966308594,12.034181594848633,5.0406107902526855,7.304504871368408,2.781447649002075,2.2289252281188965,bowl,367.11248779296875
ASC213,Baked brinjal in tomato sauce,asc_manual,161.01931762695312,38.62895965576172,4.129225254058838,1.5794516801834106,1.6234697103500366,2.1959965229034424,2.340339422225952,bowl,166.44253540039062
ASC214,Dum aloo,asc_manual,2806.84326171875,682.3298950195312,3.3304882049560547,0.6982631683349609,74.0066909790039,0.7082840204238892,0.6791980266571045,bowl,4575.56787109375
ASC215,Spinach paneer (Palak paneer),asc_manual,323.5482177734375,77.6831283569336,4.429644584655762,4.033646583557129,4.763011932373047,2.55055832862854,1.9068105220794678,bowl,229.55364990234375
ASC216,Methi chaman,asc_manual,1957.784912109375,475.62451171875,2.778881788253784,1.5414977073669434,50.90748596191406,1.7927658557891846,0.5260059833526611,bowl,4763.37939453125
ASC217,Sarson ka saag,asc_manual,364.17034912109375,87.84226989746094,5.325719356536865,3.004992723464966,5.860703468322754,0.7542064785957336,3.6934401988983154,bowl,124.26167297363281
ASC218,Jackfruit sabzi (Kathal ki sabzi),asc_manual,2572.4833984375,625.3995971679688,3.4002726078033447,0.6894789338111877,67.59599304199219,2.5894932746887207,1.0243123769760132,bowl,2258.724365234375
ASC219,Avial,asc_manual,520.9249877929688,124.55918884277344,8.47270679473877,2.4609272480010986,8.936988830566406,3.8266396522521973,5.443193435668945,bowl,417.3355712890625
ASC220,Al yakhani,asc_manual,610.8038940429688,147.54446411132812,4.646077632904053,2.857478380203247,13.144094467163086,3.5605387687683105,1.2702155113220215,bowl,342.30316162109375
ASC221,Shahi paneer,asc_manual,649.7433471679688,156.49583435058594,6.6409196853637695,5.063810348510742,12.341103553771973,5.01357889175415,1.4023563861846924,bowl,405.8562927246094
ASC222,Paneer in butter sauce,asc_manual,607.5001831054688,145.60780334472656,9.701619148254395,6.986546993255615,8.809211730957031,7.487279415130615,1.497916340827942,bowl,228.29847717285156
ASC223,Methi malai paneer,asc_manual,810.1641845703125,194.97784423828125,8.150174140930176,7.340943813323975,14.758784294128418,6.001214981079102,1.4724628925323486,bowl,377.0384216308594
ASC224,Chilli paneer,asc_manual,3199.660888671875,777.5137329101562,3.3070476055145264,2.1021547317504883,84.01101684570312,1.503921627998352,0.5005616545677185,bowl,2308.28271484375
ASC225,Paneer makhana korma,asc_manual,3194.044677734375,775.816162109375,4.631985187530518,3.242100477218628,82.75785827636719,1.8411284685134888,0.2097858339548111,bowl,4709.2041015625
ASC226,Kadhai Paneer,asc_manual,449.91455078125,107.99248504638672,7.340911388397217,4.332953453063965,6.807462692260742,5.538896560668945,2.0674757957458496,bowl,343.5564880371094
ASC227,Roghan josh,asc_manual,582.6939697265625,139.58607482910156,4.928968906402588,9.558643341064453,9.021520614624023,2.6610727310180664,2.0765023231506348,bowl,329.4371032714844
ASC228,Spinach mutton (Palak mutton),asc_manual,335.4284973144531,80.32388305664062,3.4480481147766113,5.742547035217285,4.710127353668213,1.4156906604766846,2.232619285583496,bowl,390.3821105957031
ASC229,Pea keema curry (Matar keema ki sabzi),asc_manual,553.14794921875,133.0029754638672,6.240138053894043,8.433099746704102,8.137558937072754,1.8179516792297363,2.9595608711242676,bowl,457.30413818359375
ASC230,Keema kofta curry,asc_manual,643.3822631835938,154.45361328125,5.644655227661133,9.769634246826172,10.388391494750977,2.1375985145568848,1.5072987079620361,kofta,63.824092864990234
ASC231,Kashmiri mutton koftas (Gushtaba),asc_manual,405.60247802734375,97.42452239990234,3.0412137508392334,6.334486961364746,6.767289161682129,2.1251871585845947,0.624586820602417,gushtaba,296.1949157714844
ASC232,Mutton yakhni,asc_manual,434.62158203125,104.12504577636719,0.8425586819648743,8.272323608398438,7.70028018951416,0.1253284513950348,0.6720439195632935,bowl,241.72628784179688
ASC233,Chicken yakhni,asc_manual,413.2770080566406,99.0019760131836,0.7757287621498108,10.658814430236816,6.098036766052246,0.11538766324520111,0.6187388300895691,bowl,249.63348388671875
ASC234,Mutton do piaza,asc_manual,762.276123046875,183.30474853515625,4.136778354644775,9.38663387298584,14.41110897064209,2.904559373855591,1.9265577793121338,bowl,603.0726318359375
ASC236,Mutton chops,asc_manual,2732.119384765625,663.6375122070312,1.479083776473999,4.02982759475708,71.31482696533203,0.4167155623435974,0.17231284081935883,chop,2320.30908203125
ASC237,Shammi kebab,asc_manual,2822.973876953125,685.6908569335938,3.53739333152771,4.516568660736084,72.60784912109375,0.3147924244403839,1.049996018409729,kabab,1173.9541015625
ASC238,Scotch egg,asc_manual,2786.454345703125,676.8924560546875,1.907884120941162,4.051231384277344,72.62322998046875,0.2955474555492401,0.3577994108200073,piece,2318.052001953125
ASC239,Shepherd's pie (with minced meat),asc_manual,593.8494262695312,142.7765350341797,8.057974815368652,7.448980808258057,8.878308296203613,1.6986808776855469,1.0464756488800049,dish,267.8844909667969
ASC240,Chicken curry,asc_manual,538.9600830078125,129.22390747070312,3.378472328186035,11.794968605041504,7.5691046714782715,1.7907694578170776,1.4060683250427246,bowl,320.3783874511719
ASC241,Tandoori chicken,asc_manual,607.173095703125,145.19863891601562,2.3364603519439697,16.263874053955078,7.933260917663574,1.5838992595672607,0.5048695206642151,chicken,2092.02197265625
ASC242,Butter chicken,asc_manual,571.177978515625,137.00289916992188,3.7448949813842773,10.924116134643555,8.699542045593262,2.3704187870025635,1.3239551782608032,large piece,377.038818359375
ASC243,Chicken kebab,asc_manual,3001.14306640625,729.4060668945312,1.113486647605896,3.707453489303589,78.8861312866211,0.23725585639476776,0.21231235563755035,kabab,903.7341918945312
ASC244,Chilli chicken,asc_manual,823.96630859375,198.8343048095703,2.859405279159546,9.572081565856934,16.562744140625,0.9303923845291138,0.9930559396743774,bowl,769.130859375
ASC245,Fried chicken with tomato sauce (Fried chicken tamatar ki chutney kay saath),asc_manual,521.4828491210938,125.03194427490234,2.506707191467285,11.478141784667969,7.610383987426758,1.1560808420181274,1.1332929134368896,piece,154.72703552246094
ASC246,Fish curry (Machli curry),asc_manual,461.6222229003906,111.1279067993164,3.7737722396850586,8.761919975280762,6.691418170928955,2.0156424045562744,1.885729432106018,bowl,282.2315368652344
ASC247,Fried fish (Indian style) (Tali hui machli),asc_manual,2711.37646484375,658.5440673828125,5.4047698974609375,4.345427989959717,68.8800048828125,0.39503180980682373,0.6069307327270508,piece,2327.953369140625
ASC248,Fried fish and Chips (English Style) (Tali hui machli aur chips),asc_manual,2682.09326171875,651.7488403320312,2.770275831222534,3.3602795600891113,69.69393920898438,0.16884270310401917,0.28517377376556396,fillet,4547.57763671875
ASC249,Tomato fish,asc_manual,2015.878662109375,489.78814697265625,3.17728853225708,2.3944642543792725,51.9081916809082,1.3504489660263062,0.7157089114189148,bowl,4740.806640625
ASC250,Baked fish with cheese sauce,asc_manual,475.3187255859375,113.96247100830078,4.064233303070068,8.636777877807617,7.021681785583496,3.216883420944214,0.07612720876932144,bowl,403.1422424316406
ASC251,Fish tikka,asc_manual,489.07745361328125,117.33052825927734,3.9073238372802734,15.997218132019043,4.149013996124268,1.1809154748916626,1.1778521537780762,piece,41.65233612060547
ASC252,Tandoori fish,asc_manual,400.9658508300781,95.9795150756836,2.374371290206909,11.191893577575684,4.642070770263672,1.6037614345550537,0.5800588726997375,piece,224.2321319580078
ASC253,"Paneer, apple and pineapple salad",asc_manual,397.41900634765625,95.08026885986328,8.348224639892578,3.8840737342834473,5.067788600921631,6.363084316253662,1.647458791732788,bowl,245.0693817138672
ASC254,Russian salad,asc_manual,476.7077331542969,114.8276596069336,6.499463081359863,4.262938499450684,7.836682319641113,1.6575355529785156,2.5697314739227295,bowl,363.4295349121094
ASC255,Pasta salad,asc_manual,792.5399780273438,190.3612060546875,12.696222305297852,4.153348922729492,13.917381286621094,2.595365047454834,0.9554808735847473,bowl,410.70428466796875
ASC256,Deviled egg,asc_manual,409.477294921875,98.55766296386719,2.2294209003448486,4.967010974884033,7.715618133544922,0.8237871527671814,1.1514867544174194,egg,157.44586181640625
ASC257,Hawain salad,asc_manual,733.881591796875,175.2334442138672,14.351881980895996,4.268974781036377,11.366477966308594,5.242573261260986,3.9338231086730957,bowl,682.643798828125
ASC258,Mixed pulse and vegetable salad,asc_manual,349.2295837402344,83.11799621582031,13.961459159851074,4.735941410064697,0.8368490934371948,1.3594567775726318,2.9610753059387207,bowl,141.23410034179688
ASC259,Sprouted moong salad ,asc_manual,158.6527557373047,37.80807113647461,5.483361721038818,2.28932523727417,0.738871157169342,2.1341841220855713,0.9467975497245789,bowl,77.03394317626953
ASC260,Tossed salad,asc_manual,261.0322570800781,62.958805084228516,4.951407432556152,1.024545431137085,4.218504428863525,1.556627631187439,2.1481525897979736,bowl,214.68951416015625
ASC261,Mixed vegetable salad with curd sauce,asc_manual,252.11953735351562,60.28056716918945,7.034287452697754,4.229650020599365,1.500777006149292,2.157872438430786,3.785794496536255,bowl,129.8563995361328
ASC262,Potato salad (Aloo ka salaad),asc_manual,374.93218994140625,89.90807342529297,11.18877124786377,1.3974575996398926,4.396949291229248,3.939279556274414,1.3211016654968262,bowl,212.1830596923828
ASC263,Waldroff salad,asc_manual,588.941162109375,141.75323486328125,11.019432067871094,1.4740771055221558,10.051034927368164,8.230547904968262,1.8653548955917358,bowl,349.4217224121094
ASC264,Coleslaw,asc_manual,318.36065673828125,76.7125244140625,5.590819835662842,1.2383606433868408,5.3203277587890625,3.6242623329162598,2.3380327224731445,bowl,116.98660278320312
ASC265,Fruit salad (Phalon ka salaad),asc_manual,328.7023010253906,78.13645935058594,15.960444450378418,0.9142269492149353,1.2166118621826172,9.782730102539062,1.5767269134521484,bowl,237.53482055664062
ASC269,Tomato onion raita (Tamatar aur pyaaz ka raita),asc_manual,248.26414489746094,59.00474166870117,7.080774307250977,3.735541582107544,1.8423898220062256,5.976607799530029,0.9748601317405701,bowl,104.83372497558594
ASC270,Peanut raita (Mungfali ka raita),asc_manual,631.239013671875,150.38760375976562,9.30008316040039,8.590476036071777,8.979681015014648,7.105762958526611,1.8900578022003174,bowl,184.48048400878906
ASC271,Sprouted moong raita ,asc_manual,256.2002258300781,60.894527435302734,6.12721061706543,4.623001575469971,2.1873152256011963,5.588943004608154,0.15886159241199493,bowl,92.9676742553711
ASC272,Bottle gourd raita (Ghiya/Lauki ka raita),asc_manual,237.20501708984375,56.30751037597656,5.760406017303467,3.9778194427490234,2.066138744354248,5.2483391761779785,0.8531695604324341,bowl,85.96467590332031
ASC273,Cucumber raita (Kheere ka raita),asc_manual,248.99514770507812,59.12535095214844,6.349913120269775,4.036769866943359,2.0759637355804443,5.218863487243652,0.8597196936607361,bowl,90.26667785644531
ASC274,Carrot and spinach raita (Gajar aur palak ka raita),asc_manual,239.1461181640625,56.82553482055664,5.834925651550293,4.004861354827881,1.9850701093673706,4.930567264556885,1.394458293914795,bowl,100.96192169189453
ASC275,Mint raita (Pudinay ka raita),asc_manual,326.9713439941406,77.58534240722656,7.645182132720947,5.6378493309021,2.9639573097229004,7.484703540802002,0.3442571759223938,bowl,81.20857238769531
ASC276,Potato raita (Aloo ka raita),asc_manual,316.9537048339844,75.379638671875,10.23905086517334,4.220800876617432,2.039623260498047,5.079367637634277,0.7503228187561035,bowl,118.85107421875
ASC277,Boondi raita,asc_manual,2831.040771484375,687.7191162109375,3.962462902069092,2.1937742233276367,73.82686614990234,1.8782060146331787,0.45986318588256836,bowl,2261.736328125
ASC278,Sweet raita (Meetha raita),asc_manual,418.625,99.2430191040039,17.931249618530273,3.2395832538604736,1.7791666984558105,15.359895706176758,1.019791603088379,bowl,190.54660034179688
ASC279,Dahi vadas/Dahi bhalla,asc_manual,2748.733154296875,667.726318359375,5.486240863800049,2.960587739944458,70.4029312133789,1.7752975225448608,0.9654499292373657,vada,1150.15869140625
ASC280,Gunjia,asc_manual,2747.768310546875,667.341552734375,5.677238941192627,2.9820384979248047,70.276611328125,2.049084424972534,1.1347854137420654,gunjia,1166.179443359375
ASC281,Saunth/Sonth chutney with tamarind/imli,asc_manual,592.158203125,141.5258026123047,33.551185607910156,1.0124576091766357,0.1537853181362152,31.3123722076416,0.9340395331382751,teaspoon,25.050067901611328
ASC282,Rice kheer (Chawal ki kheer),asc_manual,315.32843017578125,75.02603149414062,10.049087524414062,2.2972254753112793,2.972336530685425,8.017951011657715,0.17283688485622406,bowl,300.9369201660156
ASC283,Makhana kheer,asc_manual,452.8545837402344,107.84941864013672,12.878679275512695,3.309985399246216,5.004436492919922,11.53996753692627,0.11479846388101578,bowl,299.9400329589844
ASC285,Vermicelli kheer (Semiya/Seviyan ki kheer),asc_manual,504.2794494628906,120.0692367553711,15.874359130859375,3.3546767234802246,4.997086048126221,12.791242599487305,0.4955083131790161,bowl,279.0769348144531
ASC286,Semolina kheer (Suji/Rava kheer),asc_manual,476.1431579589844,113.2107925415039,15.882381439208984,3.4267563819885254,4.204195022583008,12.880998611450195,0.5071865916252136,bowl,260.8716125488281
ASC287,Paneer kheer,asc_manual,441.91229248046875,105.30525207519531,10.0291166305542,4.527268886566162,5.372189044952393,9.86566162109375,0.06796462088823318,bowl,304.78497314453125
ASC288,Cabbage kheer (Pattagobhi ki kheer),asc_manual,350.8928527832031,83.50871276855469,9.72950267791748,2.8700525760650635,3.797400951385498,9.282193183898926,0.5112251043319702,bowl,212.47122192382812
ASC289,Carrot kheer (Gajar ki kheer),asc_manual,358.5963439941406,85.349853515625,10.091094970703125,2.8055949211120605,3.8524258136749268,9.632781028747559,0.7344692349433899,bowl,217.15562438964844
ASC290,Cauliflower kheer (Phoolgobhi ki kheer),asc_manual,344.1437072753906,81.95392608642578,8.782567977905273,3.037898540496826,3.9515576362609863,8.491175651550293,0.55208420753479,bowl,249.49234008789062
ASC291,Moong dal kheer,asc_manual,324.2302551269531,77.15716552734375,9.894006729125977,2.952488660812378,2.973688840866089,7.918551921844482,0.3951878547668457,bowl,312.8182678222656
ASC292,Phirni,asc_manual,487.79815673828125,116.11735534667969,16.108293533325195,3.4872515201568604,4.344455242156982,10.78785228729248,0.35763630270957947,bowl,336.99578857421875
ASC293,Semolina halwa (Suji ka halwa),asc_manual,940.2266845703125,225.64776611328125,24.666362762451172,2.1644556522369385,13.381912231445312,13.975862503051758,1.8562361001968384,bowl,360.1789855957031
ASC294,Shahi suji halwa,asc_manual,1595.0223388671875,382.3438415527344,44.43684768676758,3.48014235496521,21.725046157836914,27.208890914916992,2.9615259170532227,bowl,375.843994140625
ASC295,Carrot halwa (Gajar ka halwa),asc_manual,722.3648071289062,172.64108276367188,18.53288459777832,3.1124789714813232,9.732268333435059,16.853363037109375,2.653146982192993,bowl,289.7090148925781
ASC296,Egg halwa (Ande ka halwa),asc_manual,1262.4656982421875,299.7441101074219,39.58943176269531,7.854403972625732,13.413471221923828,37.854820251464844,0.4875647723674774,bowl,289.2530822753906
ASC297,Potato halwa (Aloo ka halwa),asc_manual,637.9686279296875,151.66384887695312,29.176040649414062,1.526275634765625,3.4848556518554688,17.421436309814453,1.641784429550171,bowl,239.68954467773438
ASC298,Pumpkin halwa (Kaddu ka halwa),asc_manual,800.8034057617188,190.2737579345703,27.604692459106445,1.326190710067749,8.809317588806152,26.635602951049805,2.9703147411346436,bowl,295.00042724609375
ASC299,Moong dal halwa,asc_manual,1461.343017578125,349.80303955078125,40.225799560546875,8.35069751739502,17.679285049438477,25.58980941772461,2.6476988792419434,bowl,333.6771240234375
ASC300,Caramel custard (steamed),asc_manual,512.1982421875,121.57780456542969,15.015517234802246,4.970086097717285,4.86879301071167,14.983189582824707,0.0,bowl,282.06048583984375
ASC301,Baked custard,asc_manual,447.46478271484375,106.52605438232422,9.453520774841309,5.413426876068115,5.303098201751709,9.418310165405273,0.0,bowl,226.90049743652344
ASC302,Soft Custard (stirred),asc_manual,459.0781555175781,109.18196105957031,11.189579010009766,5.013466835021973,5.065971851348877,11.153507232666016,0.0,bowl,272.40899658203125
ASC304,Chocolate ice cream,asc_manual,743.059326171875,177.7037811279297,15.408894538879395,4.468894958496094,11.245984077453613,15.32938003540039,0.0,ice-cream cup,659.281005859375
ASC305,Mango ice cream,asc_manual,525.3289184570312,125.68596649169922,11.135087966918945,3.402543783187866,7.618004322052002,11.008991241455078,0.515350878238678,ice-cream cup,573.1279907226562
ASC307,Fruit Ice cream (Phalon ka Ice cream),asc_manual,717.810302734375,171.460693359375,16.051361083984375,4.373229503631592,10.380544662475586,14.029727935791016,0.3315175175666809,ice-cream cup,550.8175048828125
ASC308,Caramel ice cream,asc_manual,725.485107421875,173.52276611328125,14.805932998657227,4.313412189483643,11.152161598205566,14.523147583007812,0.08412966877222061,ice-cream cup,471.0275573730469
ASC309,Lemon souffle,asc_manual,705.6730346679688,168.50547790527344,13.43206787109375,6.947383880615234,10.019113540649414,11.672996520996094,0.0,souffle cup,399.3580017089844
ASC310,Orange souffle,asc_manual,704.6906127929688,168.2843017578125,14.199590682983398,6.798155784606934,9.725512504577637,12.306352615356445,0.22469262778759003,souffle cup,410.61370849609375
ASC311,Vanilla souffle,asc_manual,786.618408203125,187.85391235351562,14.78069019317627,7.714758396148682,11.19429874420166,12.86046028137207,0.0,souffle cup,408.5822448730469
ASC312,Chocolate souffle,asc_manual,792.6931762695312,189.31919860839844,14.740909576416016,7.879227161407471,11.362863540649414,12.68568229675293,0.0,souffle cup,416.50225830078125
ASC313,Pineapple souffle ,asc_manual,821.3589477539062,196.142578125,15.51683235168457,8.064504623413086,11.72044563293457,13.452970504760742,0.0,souffle cup,396.2080078125
ASC314,Apple mousse,asc_manual,447.8150634765625,106.92486572265625,12.765068054199219,4.208219051361084,4.273972511291504,10.558218955993652,1.5965752601623535,bowl,390.2757568359375
ASC315,Rich chocolate mousse,asc_manual,785.9358520507812,188.2603302001953,10.837054252624512,7.959429740905762,12.185083389282227,10.29738712310791,0.0,cup,396.2879943847656
ASC316,Mango mousse,asc_manual,520.6307983398438,124.9756851196289,9.140071868896484,3.207240104675293,8.466129302978516,8.892509460449219,0.8845161199569702,cup,348.6821594238281
ASC317,Orange and pineapple cream,asc_manual,422.9186706542969,101.18311309814453,11.956521987915039,1.4360448122024536,5.428611755371094,11.3705472946167,1.0314165353775024,bowl,90.17945098876953
ASC318,Charlotte rousse,asc_manual,790.3310546875,188.2864532470703,34.08068084716797,3.95491099357605,4.780652046203613,20.476186752319336,1.0092885494232178,bowl,476.3647155761719
ASC319,Triffle pudding,asc_manual,493.5192565917969,116.9670639038086,18.23686981201172,2.9333789348602295,3.934662103652954,13.888879776000977,0.11804961413145065,bowl,341.83624267578125
ASC320,Snow flakes pudding,asc_manual,399.55975341796875,95.21478271484375,8.07217025756836,4.674559593200684,4.968112945556641,8.014780044555664,0.03333333134651184,bowl,302.7829895019531
ASC321,Kulfi,asc_manual,413.8219299316406,98.42650604248047,11.302668571472168,3.208611488342285,4.696408271789551,10.386534690856934,0.1230904832482338,kulfi,265.86968994140625
ASC322,Steamed orange pudding,asc_manual,1163.994140625,278.03314208984375,41.52545166015625,2.343419075012207,12.03508472442627,26.5340576171875,0.5848687887191772,large slice,298.7744140625
ASC323,Meringue and rice pudding,asc_manual,474.2991027832031,112.9268798828125,14.604464530944824,4.836517810821533,4.050312519073486,10.874107360839844,0.16696429252624512,bowl,252.95620727539062
ASC324,Cheese pudding,asc_manual,1190.3807373046875,285.0148010253906,19.273853302001953,11.291074752807617,18.37196159362793,18.631858825683594,0.04963085800409317,large slice,343.5853271484375
ASC325,Chocolate pudding,asc_manual,891.0965576171875,211.96348571777344,29.589513778686523,3.547400951385498,9.477615356445312,20.681554794311523,0.5250848531723022,large slice,351.1969909667969
ASC326,Bread and butter pudding ,asc_manual,705.9539794921875,167.94126892089844,19.62779426574707,5.587009429931641,7.876481533050537,11.84178638458252,0.9753586053848267,plate,206.84767150878906
ASC327,Queen of pudding,asc_manual,558.58251953125,132.91976928710938,16.34950065612793,5.507628440856934,5.379554748535156,11.770222663879395,0.2670759856700897,large slice,432.9861145019531
ASC328,Pineapple upside down pudding,asc_manual,1079.3629150390625,257.7335205078125,35.731712341308594,3.147427558898926,11.913189888000488,22.163423538208008,0.801496684551239,large slice,344.39642333984375
ASC329,Date and nut pie,asc_manual,1348.64599609375,322.4159851074219,46.86371612548828,3.927433729171753,13.313716888427734,31.18185806274414,4.1345133781433105,bowl,728.6600952148438
ASC330,Stewed apple with custard,asc_manual,392.1693115234375,92.87266540527344,18.35978889465332,1.2698413133621216,1.8204585313796997,15.46066951751709,1.0072309970855713,piece,263.29400634765625
ASC331,Apple snowballs,asc_manual,428.9094543457031,101.51119995117188,24.58092498779297,0.8575337529182434,0.31221580505371094,19.403661727905273,1.247591495513916,piece,263.42156982421875
ASC332,Hot orange souffle,asc_manual,754.4754028320312,179.96522521972656,18.76819610595703,6.869344234466553,8.947623252868652,14.925737380981445,0.2943442761898041,bowl,219.55758666992188
ASC333,Hot chocolate souffle,asc_manual,948.774658203125,226.09100341796875,26.211408615112305,6.700422286987305,11.104647636413574,22.883028030395508,0.11661972105503082,bowl,321.0492248535156
ASC334,Hot vanilla souffle,asc_manual,809.9686279296875,192.93272399902344,21.771137237548828,6.874431133270264,9.073646545410156,18.17011833190918,0.129882350564003,bowl,245.98922729492188
ASC335,Plain burfi (Burfi),asc_manual,1705.5205078125,408.3239440917969,30.884220123291016,9.816153526306152,27.963768005371094,30.426189422607422,0.1664171814918518,burfi,177.8455047607422
ASC336,Coconut burfi (Nariyal ki burfi),asc_manual,1956.5947265625,467.6354675292969,32.151981353759766,8.811453819274902,34.62643051147461,31.5,3.4977974891662598,burfi,265.38311767578125
ASC337,Bottle gourd burfi (Ghiya/Lauki burfi),asc_manual,1153.348388671875,275.95562744140625,24.509532928466797,5.858232498168945,17.67972183227539,23.916810989379883,0.7348353266716003,burfi,199.0330047607422
ASC338,Chocolate burfi,asc_manual,1425.1922607421875,339.3292236328125,33.153846740722656,12.997692108154297,17.863847732543945,32.376922607421875,0.0,burfi,110.2820053100586
ASC339,Cashewnut burfi (Kaju burfi/Kaju katli),asc_manual,1763.93603515625,421.7447814941406,37.92441940307617,5.475000381469727,28.460464477539062,31.427326202392578,1.1220929622650146,burfi,120.9001693725586
ASC340,Gram flour burfi (Besan burfi),asc_manual,1768.6475830078125,421.7930603027344,46.58642578125,11.193964004516602,22.405546188354492,28.437911987304688,3.4083199501037598,burfi,161.59947204589844
ASC341,Semolina ladoo with khoya (Suji/Rava aur khoye ke ladoo ),asc_manual,1796.1856689453125,428.7066345214844,52.85617446899414,6.7135138511657715,21.85932159423828,33.278236389160156,4.678498268127441,ladoo,126.11656188964844
ASC342,Semolina ladoo with coconut (Suji/Rava aur nariyal ke ladoo ),asc_manual,1942.7044677734375,464.42974853515625,50.90433120727539,5.675257682800293,27.030241012573242,27.31574058532715,6.693814277648926,ladoo,168.9363250732422
ASC343,Gram flour ladoo (Besan ladoo),asc_manual,2001.492919921875,476.90948486328125,62.60844039916992,8.933900833129883,22.760391235351562,37.76067352294922,4.428652763366699,ladoo,168.110595703125
ASC344,Sesame ladoo (Til ke ladoo),asc_manual,1660.9090576171875,396.957275390625,43.5,10.704545974731445,19.64090919494629,38.63181686401367,7.722727298736572,ladoo,109.16325378417969
ASC345,Chenna murki,asc_manual,1066.0263671875,252.69265747070312,36.0110969543457,10.463245391845703,8.199722290039062,35.545074462890625,0.0,bowl,227.7392578125
ASC346,Milk cake,asc_manual,531.5238037109375,127.4081802368164,9.12880802154541,3.0126194953918457,8.927241325378418,8.898781776428223,0.06179286167025566,slice,365.9800109863281
ASC347,Ghujia/Lavang latika,asc_manual,3168.666748046875,768.9789428710938,13.004887580871582,1.8633781671524048,78.9301986694336,6.082683086395264,0.5188729166984558,gunjia,818.7062377929688
ASC348,Gulab Jamun with khoya,asc_manual,2425.401611328125,586.0634765625,26.092151641845703,2.030522108078003,53.233436584472656,24.12336540222168,0.07338083535432816,gulab jamun,918.4591674804688
ASC349,Mal pua,asc_manual,2339.168212890625,566.6776733398438,17.56153106689453,1.7057117223739624,54.6356315612793,11.770844459533691,0.617451548576355,malqura,847.938720703125
ASC350,Shahi tukre,asc_manual,806.26953125,189.81004333496094,41.45988082885742,2.763382911682129,2.5377650260925293,34.69999313354492,0.5084372758865356,tukra,193.42591857910156
ASC351,Potato pakora/pakoda (Aloo pakoda),asc_manual,2788.180908203125,677.1902465820312,6.043454170227051,1.9038251638412476,71.83795166015625,0.21645663678646088,1.0255004167556763,plate,4567.64794921875
ASC352,Onion pakora/pakoda (Pyaaz ke pakode),asc_manual,2777.3876953125,674.6106567382812,5.411282539367676,1.8990808725357056,71.83914184570312,0.8759080767631531,1.1132690906524658,plate,4550.2490234375
ASC353,Cauliflower pakora/pakoda (Phoolgobhi ke pakode),asc_manual,2764.93408203125,671.6342163085938,4.518176555633545,1.9761749505996704,71.86286163330078,0.2342475801706314,1.2627131938934326,plate,4530.1728515625
ASC354,Mixed vegetable pakora/pakoda,asc_manual,2774.037109375,673.8098754882812,5.12336540222168,1.938517451286316,71.85663604736328,0.38339510560035706,1.1266123056411743,plate,4544.84765625
ASC355,Spinach pakora/pakoda (Palak pakoda),asc_manual,2933.566650390625,712.6192016601562,4.676296234130859,1.9645863771438599,76.37808990478516,0.20488573610782623,1.0245863199234009,plate,4521.56884765625
ASC356,Methi pakora/pakoda (Methi ke pakode),asc_manual,2936.21435546875,713.2520141601562,4.683861255645752,2.0616707801818848,76.39006805419922,0.2452324628829956,1.183451533317566,plate,4525.583984375
ASC357,Egg pakora/pakoda (Ande ke pakode),asc_manual,2925.473876953125,710.5067138671875,4.476509094238281,2.8315439224243164,75.86315155029297,0.18681147694587708,0.8609775304794312,plate,4579.2158203125
ASC358,Bread pakora/pakoda,asc_manual,2929.7294921875,710.9881591796875,8.872590065002441,2.571321725845337,74.19755554199219,0.45897629857063293,1.1136746406555176,plate,4653.41748046875
ASC359,Paneer pakora/pakoda,asc_manual,2957.506103515625,718.1218872070312,5.5248703956604,3.270359516143799,76.05168151855469,1.0834170579910278,0.8868960738182068,plate,4644.453125
ASC360,Potato bonda (Aloo bonda),asc_manual,2604.023681640625,632.8350219726562,4.534309387207031,1.0886664390563965,67.79877471923828,0.27027133107185364,0.830328106880188,bonda,1134.087890625
ASC361,Potato samosa (Aloo ka samosa),asc_manual,2377.13818359375,577.3856811523438,9.205666542053223,1.7117836475372314,59.1909294128418,0.2876947522163391,1.1916142702102661,samosa,813.7577514648438
ASC362,Minced meat samosa (Keema ka samosa),asc_manual,2557.2626953125,620.9884643554688,6.137866973876953,4.42531156539917,64.26115417480469,0.5019018650054932,0.3875543773174286,samosa,837.5064697265625
ASC363,Paneer and pea samosa (Paneer matar ka samosa),asc_manual,2569.595947265625,623.8062744140625,8.548890113830566,4.0177483558654785,63.64622116088867,1.6882587671279907,1.017188549041748,samosa,841.3067016601562
ASC364,Mathri,asc_manual,3314.316162109375,805.1233520507812,12.323095321655273,1.74962317943573,83.09709930419922,0.29425060749053955,0.599705159664154,kachori,702.1825561523438
ASC365,Khasta kachori,asc_manual,2934.8955078125,712.728759765625,12.81132984161377,2.5087974071502686,72.27396392822266,0.33636748790740967,0.9740191698074341,kachori,717.5651245117188
ASC366,Vegetable cutlet,asc_manual,2738.49560546875,665.4544067382812,4.684823989868164,1.2467005252838135,71.32704162597656,0.34742236137390137,0.9317917227745056,cutlet,2247.572265625
ASC367,Flattened rice cutlet (Chirwa cutlet/Chivda cutlet/Poha cutlet),asc_manual,2888.935302734375,701.711181640625,7.394248008728027,1.755823016166687,73.88726806640625,0.26809558272361755,0.8566645383834839,cutlet,2325.0146484375
ASC368,Peanut cutlet (Mungfali ke cutlet),asc_manual,2878.0244140625,698.7667236328125,5.675396919250488,2.627135992050171,74.00220489501953,0.5091842412948608,1.2082369327545166,cutlet,2367.666259765625
ASC369,Fish cutlet (Machli ka cutlet),asc_manual,2693.9580078125,654.64013671875,3.1296799182891846,2.768209457397461,70.10616302490234,0.28660720586776733,0.5379318594932556,cutlet,2284.43212890625
ASC370,Paneer potato cutlet (Paneer aloo cutlet),asc_manual,2770.568359375,672.9443359375,5.228550434112549,2.4702839851379395,71.40327453613281,1.021267294883728,0.41150763630867004,cutlet,2309.88134765625
ASC371,Spinach chickpeas cutlet (Palak channa dal cutlet),asc_manual,2831.181640625,688.0281372070312,4.932109355926514,1.440955400466919,73.59933471679688,0.16062790155410767,0.929531455039978,cutlet,2255.59716796875
ASC372,Cheese toast,asc_manual,3233.23193359375,785.366943359375,5.485180854797363,1.9840171337127686,84.1091079711914,0.5259999632835388,0.31429311633110046,toast,1138.7821044921875
ASC375,Vegetable burger,asc_manual,2144.44775390625,519.9310913085938,13.688063621520996,3.2628092765808105,50.631317138671875,1.8782144784927368,1.6975740194320679,burger,2678.94482421875
ASC376,Cheese pizza,asc_manual,1047.5010986328125,249.49737548828125,30.62497901916504,5.79115629196167,12.434843063354492,3.4155423641204834,1.9455914497375488,piece,327.0972900390625
ASC377,Vegetable seekh kebab,asc_manual,2843.038330078125,690.7252197265625,5.323051452636719,1.5730364322662354,73.72038269042969,0.741476833820343,0.586333155632019,kabab,1136.381103515625
ASC378,Masala vada,asc_manual,3397.887939453125,826.0245971679688,4.062221527099609,1.6862210035324097,89.15479278564453,0.23833882808685303,1.0662378072738647,vada,2228.201416015625
ASC379,Peanut sago vada (Sabudana mungfali vada),asc_manual,3087.6103515625,749.8857421875,7.1394147872924805,1.0144987106323242,79.82255554199219,0.19218695163726807,0.6226351261138916,vada,2291.538330078125
ASC380,Vegeterian scotch egg,asc_manual,2805.968017578125,681.66552734375,4.642024040222168,2.1630215644836426,72.77320861816406,0.23323990404605865,0.577197253704071,piece,2277.34228515625
ASC381,Paneer shaslik/tikka,asc_manual,392.2749328613281,93.84956359863281,7.980454921722412,5.11279821395874,4.492904186248779,4.6076979637146,1.2325572967529297,plate,411.68988037109375
ASC382,Peanut brittle (Moongfali ki chikki),asc_manual,1340.2132568359375,320.46295166015625,47.46446990966797,6.942639350891113,11.130456924438477,43.923858642578125,2.6345179080963135,piece,78.91400146484375
ASC383,Spring roll,asc_manual,2568.379638671875,623.8739624023438,8.558433532714844,1.8053548336029053,64.63278198242188,0.5979810357093811,0.6684460043907166,spring roll,587.3851318359375
ASC384,Dry mango chutney (Sookhe aam ki chutney),asc_manual,1247.2996826171875,298.1324462890625,69.17044830322266,2.434478282928467,0.6982401013374329,61.86028289794922,3.740860939025879,tablespoon,82.58268737792969
ASC385,Peanut chutney (Mungfali ki chutney),asc_manual,1081.155029296875,258.36676025390625,9.865445137023926,11.795147895812988,19.064098358154297,2.7567570209503174,5.725602149963379,tablespoon,54.25701904296875
ASC386,Coconut chutney (Nariyal ki chutney),asc_manual,1110.1864013671875,265.9245910644531,8.291091918945312,3.5900650024414062,24.999113082885742,3.785414934158325,6.734472751617432,tablespoon,67.36534881591797
ASC387,Mint and coriander chutney (Pudinay aur dhaniye ki chutney),asc_manual,430.4656677246094,102.5953140258789,21.182279586791992,2.8133883476257324,0.5068815350532532,15.8797607421875,4.333420753479004,tablespoon,26.977436065673828
ASC395,Custard tart,asc_manual,940.7706909179688,225.59930419921875,28.65911102294922,3.7231037616729736,10.725021362304688,9.30566692352295,0.9122929573059082,tart,161.72650146484375
ASC396,Lemon tart,asc_manual,1262.30078125,303.35260009765625,30.683582305908203,6.117336273193359,17.448450088500977,10.675544738769531,0.8091848492622375,tart,165.1375732421875
ASC397,Jam tart,asc_manual,1498.5699462890625,360.7218017578125,46.17616653442383,4.4186530113220215,17.351295471191406,14.735751152038574,1.1440414190292358,tart,130.53619384765625
ASC398,Orange cream tart,asc_manual,822.5177612304688,197.15927124023438,27.434804916381836,2.577662467956543,8.721904754638672,10.081039428710938,0.6405194997787476,tart,142.3243408203125
ASC399,Pineapple tart,asc_manual,817.4639892578125,195.404296875,28.618947982788086,2.287935256958008,8.214736938476562,11.092470169067383,0.8725506067276001,tart,150.82769775390625
ASC400,Cheese and mushroom tart,asc_manual,1022.0037231445312,246.09642028808594,21.42671012878418,5.5084943771362305,15.28492546081543,3.1595168113708496,1.1772490739822388,tart,165.49984741210938
ASC401,Cottage cheese pie,asc_manual,992.8932495117188,238.97972106933594,20.660694122314453,7.4481587409973145,13.827022552490234,3.6202938556671143,2.2058374881744385,pie,813.32763671875
ASC402,Minced meat pie,asc_manual,919.6646118164062,221.5529022216797,18.114713668823242,7.378210067749023,13.039274215698242,1.4181064367294312,2.325727701187134,pie,783.9280395507812
ASC403,Apple cinnamon pie,asc_manual,1077.3634033203125,258.734375,33.6783332824707,3.3514466285705566,12.205469131469727,11.95186996459961,1.7679604291915894,slice,458.28326416015625
ASC404,Lemon meringue pie,asc_manual,941.7880249023438,224.42613220214844,35.106929779052734,3.8764939308166504,8.156573295593262,21.170040130615234,0.4398406445980072,slice,352.0685119628906
ASC405,Chocolate meringue pie,asc_manual,899.788330078125,214.75732421875,28.8005428314209,4.979538440704346,9.174382209777832,15.031614303588867,0.3744911849498749,slice,395.69036865234375
ASC407,Cream puffs,asc_manual,919.4542236328125,221.32684326171875,16.004837036132812,4.699136257171631,15.48151969909668,5.937133312225342,0.3813471496105194,puff,160.185302734375
ASC408,Chocolate eclairs,asc_manual,1000.0177612304688,239.41542053222656,26.21979331970215,4.237518310546875,13.49689769744873,17.34357452392578,0.3261447548866272,éclair,405.2106018066406
ASC409,Cheese balls,asc_manual,2803.779296875,681.2822875976562,4.809665203094482,2.2110037803649902,72.56733703613281,0.6295315027236938,0.1789080649614334,piece,402.9500732421875
ASC411,Minced meat patties,asc_manual,1101.4002685546875,265.7190246582031,15.254345893859863,6.877348899841309,19.571426391601562,0.8758381605148315,0.7674968242645264,patty,344.9963073730469
ASC412,Cheese patties,asc_manual,1343.3994140625,324.00909423828125,22.23377227783203,7.381089687347412,22.668561935424805,3.932180166244507,1.2432469129562378,patty,336.83984375
ASC413,Hot cheese souffle,asc_manual,736.6183471679688,177.0967254638672,5.405745506286621,9.182578086853027,13.230278015136719,2.9128222465515137,0.12094355374574661,bowl,525.5345458984375
ASC414,Hot potato souffle,asc_manual,523.3306274414062,125.63875579833984,8.564294815063477,5.507102966308594,7.644676208496094,1.7799046039581299,0.6573687791824341,bowl,460.7801208496094
ASC415,Hot fish souffle,asc_manual,595.6414184570312,142.92105102539062,3.6923108100891113,11.226530075073242,9.24467658996582,1.6752010583877563,0.09785957634449005,bowl,524.1629638671875
ASC416,Hot spinach souffle,asc_manual,434.0050354003906,104.24739074707031,4.18816614151001,5.433976173400879,7.239029407501221,1.6392691135406494,0.9902709126472473,bowl,413.6015319824219
ASC417,Plain cream cake,asc_manual,1480.8568115234375,353.9397277832031,47.18427276611328,6.181830883026123,16.166807174682617,27.737558364868164,0.7126760482788086,piece,188.47291564941406
ASC418,Apple cake (Seb ka cake),asc_manual,1213.6690673828125,290.0763854980469,39.48321533203125,4.93772029876709,12.867996215820312,23.521286010742188,1.2172977924346924,piece,197.25193786621094
ASC419,Marble cake,asc_manual,1481.475830078125,354.1051330566406,46.87871551513672,6.299614906311035,16.265562057495117,27.559650421142578,0.7081049680709839,piece,189.77822875976562
ASC420,Chocolate cake,asc_manual,1404.77392578125,335.6086730957031,45.13715362548828,6.006793975830078,15.18386459350586,27.576007843017578,0.6445859670639038,piece,197.589599609375
ASC421,Orange cake,asc_manual,1496.2364501953125,357.60858154296875,48.276588439941406,6.099879741668701,16.214645385742188,28.376710891723633,0.8307322859764099,piece,186.1799774169922
ASC422,Fruit Loaf ,asc_manual,1354.7628173828125,324.1949462890625,46.49192428588867,5.364250659942627,13.314026832580566,24.542348861694336,0.8716331124305725,slice,181.1439208984375
ASC423,Banana cake (Kele ka cake),asc_manual,1623.4024658203125,389.51446533203125,39.99608612060547,5.772431373596191,23.314231872558594,23.044391632080078,1.1447219848632812,slice,258.2967834472656
ASC424,Chocolate chiffon cake,asc_manual,1305.2822265625,311.70928955078125,37.86885452270508,5.764435768127441,15.799030303955078,24.250837326049805,0.7048476934432983,slice,227.06072998046875
ASC425,Christmas cake,asc_manual,1560.800537109375,372.9477233886719,48.294639587402344,5.4928059577941895,16.883831024169922,27.44794464111328,1.487906813621521,slice,388.569580078125
ASC426,Strawberry and vanilla cake with butter icing,asc_manual,1547.8612060546875,370.5380859375,44.25393295288086,3.890472173690796,20.38861083984375,32.42660903930664,0.7919885516166687,slice,431.6768798828125
ASC427,Eggless cake,asc_manual,1333.746826171875,318.0814208984375,46.14249038696289,8.119446754455566,11.750404357910156,27.704561233520508,0.6790363788604736,slice,193.93026733398438
ASC429,Swiss roll,asc_manual,1062.0869140625,251.87351989746094,48.33952713012695,7.296679496765137,3.767035484313965,32.95533752441406,0.5454545617103577,swiss roll,159.30999755859375
ASC430,Pineapple pastry ,asc_manual,874.1260375976562,208.20849609375,29.03999900817871,6.058520317077637,7.874136924743652,18.834247589111328,0.7205479145050049,pastry,189.99024963378906
ASC431,Black forest pastry,asc_manual,979.99462890625,233.5455780029297,34.47667694091797,6.087828159332275,8.463431358337402,21.35254669189453,0.5404825806617737,pastry,217.78125
ASC432,Coconut finger,asc_manual,1155.8846435546875,274.8556823730469,42.557167053222656,7.090244770050049,8.86209774017334,28.550174713134766,1.8706294298171997,finger,196.52182006835938
ASC433,Pineapple cake ,asc_manual,819.0643310546875,195.57154846191406,23.50896644592285,5.013372421264648,9.343976974487305,16.157699584960938,0.7563352584838867,slice,1003.2820434570312
ASC439,Chocolate walnut cookies (Chocolate aur akhrot ke cookies),asc_manual,1773.4586181640625,424.8010559082031,47.09653854370117,6.559678077697754,23.622108459472656,22.580530166625977,1.5449718236923218,cookie,110.00577545166016
ASC440,Chocolate chip cookies,asc_manual,1776.7542724609375,425.290283203125,57.979427337646484,5.790704727172852,19.37832260131836,30.285715103149414,1.0514285564422607,cookie,93.0322494506836
ASC441,Sweet plain biscuit,asc_manual,1588.8641357421875,380.7574768066406,50.290096282958984,5.85941743850708,17.666601181030273,21.76970863342285,1.0718446969985962,biscuit,54.4694709777832
ASC442,Chocolate biscuit,asc_manual,1586.4862060546875,379.76165771484375,51.56403350830078,5.8763298988342285,17.09229278564453,24.16036605834961,1.0128440856933594,biscuit,57.491695404052734
ASC443,Coconut biscuit (Nariyal ke biscuit),asc_manual,1816.4814453125,434.98309326171875,42.90459060668945,5.780740737915039,27.160741806030273,20.757036209106445,3.6408889293670654,biscuit,81.559326171875
ASC444,Sweet and salty biscuit (Meethay aur namkeen biscuit),asc_manual,1694.6932373046875,407.9567565917969,45.0871467590332,6.153419494628906,22.3854923248291,7.221243381500244,1.6766839027404785,biscuit,43.74203109741211
ASC445,Peanut biscuit,asc_manual,1676.078125,401.0492248535156,46.72406005859375,8.450937271118164,20.408281326293945,21.264686584472656,2.484375,biscuit,71.29764556884766
ASC446,Pin wheel biscuit,asc_manual,1688.6309814453125,404.6002197265625,54.56477737426758,5.399580478668213,18.660795211791992,23.252410888671875,1.157232642173767,biscuit,80.41429138183594
ASC447,Saffron biscuit (Kesar biscuit),asc_manual,1913.025390625,458.6100769042969,59.7026481628418,6.047318458557129,22.01123809814453,22.41667366027832,1.9047033786773682,biscuit,50.50825500488281
ASC448,Masala biscuit,asc_manual,1636.012939453125,393.64215087890625,45.180206298828125,6.061443328857422,20.750205993652344,6.8205156326293945,2.142061948776245,biscuit,63.638816833496094
ASC449,Ice box cookies,asc_manual,1565.29052734375,374.2432861328125,56.09218215942383,5.6988372802734375,14.436914443969727,26.68536949157715,1.27615225315094,cookie,51.8742790222168
ASC450,Ginger bread man,asc_manual,1526.8944091796875,364.99981689453125,60.25521469116211,6.609490871429443,11.006036758422852,29.119625091552734,1.5980647802352905,biscuit,108.45056915283203
ASC451,Danish cookies,asc_manual,1979.4029541015625,475.3273620605469,58.004974365234375,5.3333330154418945,24.915422439575195,21.726367950439453,1.3731343746185303,biscuit,59.7130012512207
ASC452,Short bread cookies,asc_manual,1849.6085205078125,443.0935363769531,64.81565856933594,6.027046203613281,17.98434066772461,23.311031341552734,1.5715302228927612,biscuit,77.81829833984375
ASC453,Coffee biscuit,asc_manual,1740.9127197265625,416.5721740722656,46.553470611572266,6.897576808929443,23.004684448242188,21.68820571899414,1.58836829662323,biscuit,71.62727355957031
ASC454,Melting moments,asc_manual,1828.7896728515625,437.9105224609375,55.835391998291016,5.713255405426025,21.779199600219727,24.99565887451172,1.883138656616211,biscuit,72.86344146728516
ASC455,Ginger biscuit (Adarak ke biscuit),asc_manual,1746.312744140625,417.90899658203125,58.444786071777344,5.981011390686035,18.305675506591797,27.06212615966797,1.4885449409484863,biscuit,56.243587493896484
ASC456,Soyabean muthias,asc_manual,3453.31689453125,839.3265991210938,3.7021288871765137,2.4567065238952637,90.44906616210938,0.1665911078453064,1.4698957204818726,muthia,1126.439208984375
ASC457,Soyabean tikki,asc_manual,2874.5,698.1696166992188,4.386415004730225,3.534716844558716,74.01758575439453,0.3495849072933197,2.2043774127960205,tikki,1156.3433837890625
ASC458,Soyabean namak paras,asc_manual,3450.041259765625,838.4635620117188,4.6501688957214355,2.650986671447754,89.82512664794922,0.21873001754283905,1.4136135578155518,plate,2294.245849609375
ASC459,Peanut burfi (Moongfali ki burfi),asc_manual,2303.8740234375,550.9937133789062,48.137794494628906,9.311023712158203,36.840946197509766,43.078739166259766,4.08661413192749,burfi,116.62700653076172
ASC460,Spinach peanut namak paras (Palak moongfali namak paras),asc_manual,3046.156005859375,740.1648559570312,6.616377830505371,1.6543337106704712,78.51103210449219,0.2805851995944977,0.8090153932571411,plate,2339.84619140625
ASC461,Gram flour and semolina chilla/cheela/savory pancake (Besan suji chilla/cheela),asc_manual,3124.1083984375,758.8948364257812,7.632391929626465,2.076328992843628,80.03778839111328,0.250166118144989,1.3923587799072266,cheela,1142.13671875
ASC462,Rice moong dal cheela (Chawal aur moong dal ka cheela),asc_manual,3286.072265625,798.2612915039062,11.127787590026855,2.740994691848755,82.43790435791016,0.15128645300865173,1.184048056602478,cheela,1163.4658203125
ASC463,Split bengal gram sweet rice (Channa dal sweet rice),asc_manual,795.8636474609375,190.21141052246094,41.07227325439453,4.154545307159424,0.6440909504890442,19.4095458984375,2.2272727489471436,plate,418.465087890625
ASC464,Sweet poori (Meethi poori),asc_manual,3224.229736328125,782.7457275390625,14.262786865234375,2.118032693862915,79.63114929199219,7.14540958404541,1.5408196449279785,poori,1193.687255859375
ASC465,Wheat flour and moong dal burfi (Atta aur moong dal ki burfi),asc_manual,1845.5714111328125,441.0816955566406,59.99618911743164,9.835238456726074,18.411428451538086,31.11618995666504,6.019047737121582,piece,115.78395080566406
ASC466,Spinach burfi (Palak burfi),asc_manual,508.268310546875,121.17243957519531,12.760344505310059,2.707460641860962,6.814060211181641,12.11890983581543,1.1717361211776733,piece,105.57148742675781
ASC467,Sweet split chickpea roti (Sweet channa dal roti/Puranpoli),asc_manual,1529.8758544921875,366.58697509765625,62.66041946411133,9.514519691467285,7.927868843078613,24.73255157470703,8.159250259399414,roti,195.66580200195312
ASC468,Sprouted moong daliya ,asc_manual,463.89239501953125,111.56324768066406,14.772531509399414,2.8050949573516846,4.709778308868408,1.6673418283462524,3.1229429244995117,plate,352.53985595703125
ASC469,Sprouted moong poha ,asc_manual,804.4395141601562,192.60342407226562,26.604839324951172,5.592452049255371,6.885891437530518,1.9255794286727905,3.132828712463379,plate,368.5081481933594
ASC470,Pearl millet ladoo (Bajra ladoo),asc_manual,1337.4736328125,319.6562194824219,50.98263168334961,9.61368465423584,8.058947563171387,27.441051483154297,5.996841907501221,ladoo,151.83670043945312
ASC471,Paushtik ladoo,asc_manual,2035.2857666015625,485.8724365234375,60.335357666015625,7.651785850524902,24.982500076293945,38.119285583496094,4.57357120513916,ladoo,170.0553436279297
ASC472,Paushtik roti,asc_manual,627.7606811523438,149.2551727294922,26.594066619873047,7.168041706085205,1.508170485496521,2.027719497680664,5.735730171203613,roti,64.09514617919922
ASC473,Semolina carrot vada (Suji gajar vada),asc_manual,2878.863525390625,699.52880859375,6.520737171173096,1.5599077939987183,74.07450103759766,1.213517665863037,1.0675883293151855,vada,1138.483154296875
ASC474,Dhokla,asc_manual,915.9898071289062,216.48545837402344,30.68433380126953,13.447745323181152,5.283342361450195,4.781325340270996,4.9464521408081055,piece,86.50218200683594
BFP007,Kashmiri tea (Kehwa),bfp_manual,105.73159790039062,24.90366554260254,5.232052803039551,0.1741410195827484,0.5063420534133911,5.140420913696289,0.15692248940467834,tea cup,63.92770767211914
BFP008,Steeped hot coffee,bfp_manual,67.40099334716797,15.908044815063477,3.0103960037231445,0.38663366436958313,0.33267325162887573,2.9621286392211914,0.0,tea cup,32.13425064086914
BFP011,Hot chocolate,bfp_manual,377.6824035644531,90.00577545166016,9.018110275268555,3.429396390914917,4.611023902893066,8.863516807556152,0.0,tea cup,171.46099853515625
BFP013,Cold coffee (with cream),bfp_manual,348.62274169921875,82.76406860351562,11.983233451843262,1.9341317415237427,3.289820432662964,11.905388832092285,0.0,tall glass,207.32400512695312
BFP015,Banana milkshake with ice cream (Kele ka milkshake ice cream ke saath),bfp_manual,321.4264831542969,76.44817352294922,11.153529167175293,2.01411771774292,2.77117657661438,9.944705963134766,0.2688235342502594,tall glass,259.9237976074219
BFP019,Flavoured milkshake,bfp_manual,281.0526428222656,66.77578735351562,8.646315574645996,2.0589473247528076,2.8294737339019775,8.614736557006836,0.0,tall glass,190.31100463867188
BFP024,Jal jeera,bfp_manual,127.6602554321289,30.240806579589844,6.700246334075928,0.43786653876304626,0.25982123613357544,5.711817264556885,0.952431321144104,juice glass,42.34368133544922
BFP026,Gingo,bfp_manual,204.12371826171875,48.01787185668945,12.418608665466309,0.13628865778446198,0.059364259243011475,12.079399108886719,0.16749140620231628,tall glass,139.73199462890625
BFP027,Mintade,bfp_manual,171.36402893066406,40.32213592529297,10.594780921936035,0.033421050757169724,0.023464912548661232,10.469386100769043,0.025833332911133766,glass,229.83616638183594
BFP029,Canjee,bfp_manual,27.67498779296875,6.614322185516357,0.4361233413219452,0.24410180747509003,0.4234459102153778,0.2112579643726349,0.3596671521663666,glass,11.260883331298828
BFP030,Cauliflower canjee (Phoolgobhi ki canjee),bfp_manual,28.85674285888672,6.896761417388916,0.34624359011650085,0.38903406262397766,0.42281848192214966,0.09454036504030228,0.4940737187862396,glass,12.316466331481934
BFP031,Potato canjee (Aloo canjee),bfp_manual,68.04950714111328,16.263832092285156,2.68544602394104,0.43521127104759216,0.38843363523483276,0.10098164528608322,0.4271446764469147,glass,31.75513458251953
BFP036,Vermicelli porridge (Semiya/Seviyan porridge),bfp_manual,329.0567626953125,78.3978271484375,10.564943313598633,2.4965951442718506,2.982597589492798,7.040101051330566,0.48171499371528625,bowl,310.847412109375
BFP039,Semolina upma (Suji/Rava upma),bfp_manual,614.1819458007812,147.8926239013672,16.312658309936523,3.3008673191070557,7.4932708740234375,1.3097596168518066,3.2424237728118896,bowl,157.143310546875
BFP040,Vermicelli upma (Semiya/Seviyan upma),bfp_manual,619.2640380859375,149.1072540283203,16.875455856323242,3.1107585430145264,7.446214199066162,1.401990532875061,3.21042537689209,bowl,158.4339141845703
BFP041,Rice upma,bfp_manual,628.2989501953125,151.26658630371094,17.955875396728516,2.628898859024048,7.457507610321045,1.1252976655960083,2.1168298721313477,bowl,160.7283172607422
BFP042,Bread upma,bfp_manual,540.3971557617188,129.51344299316406,12.59895133972168,2.7964203357696533,7.749258518218994,1.563865303993225,1.9587196111679077,bowl,137.61451721191406
BFP043,Vegetable upma,bfp_manual,610.063720703125,146.46817016601562,16.45557403564453,4.727303981781006,6.6315436363220215,1.3855432271957397,4.188104152679443,plate,345.1669006347656
BFP044,Poha,bfp_manual,1226.3480224609375,294.5255126953125,35.047969818115234,6.085385799407959,14.138228416442871,0.8732900023460388,3.7158710956573486,bowl,160.78147888183594
BFP045,Vegetable poha,bfp_manual,751.9555053710938,180.51585388183594,21.520601272583008,4.88825798034668,8.069046020507812,1.400986909866333,3.764533281326294,bowl,176.59866333007812
BFP046,Moong dal stuffed cheela/chilla (Moong dal ka cheela/chilla),bfp_manual,645.1849975585938,154.88502502441406,19.423521041870117,6.9737772941589355,5.1147565841674805,1.1091632843017578,4.251524448394775,cheela,352.1001281738281
BFP047,Paneer stuffed cheela/chilla,bfp_manual,855.46044921875,205.18930053710938,19.159791946411133,11.436202049255371,8.886109352111816,3.814091682434082,4.02839469909668,cheela,435.6784362792969
BFP052,Indian style egg bhujia (Anda bhujia (Indian style)),bfp_manual,428.1893310546875,102.83442687988281,3.7618134021759033,6.096826553344727,7.019655227661133,1.9454612731933594,1.53493332862854,small bowl,129.53024291992188
BFP054,French omelette/omlet,bfp_manual,875.0735473632812,211.03948974609375,0.41132351756095886,10.030881881713867,18.85691261291504,0.09558823704719543,0.3808823525905609,egg,143.50685119628906
BFP055,Puffy omelette/omlet,bfp_manual,780.1644897460938,188.14869689941406,0.07894736528396606,8.815789222717285,16.835525512695312,0.07894736528396606,0.0,egg,142.99301147460938
BFP056,Orange omelette/omlet,bfp_manual,807.7960205078125,194.66184997558594,1.6776316165924072,8.934210777282715,16.835525512695312,1.6776316165924072,0.0,egg,147.94300842285156
BFP057,Cheese and mushroom omelette/omlet,bfp_manual,852.34375,205.62684631347656,1.6825780868530273,9.69140625,17.819297790527344,1.07421875,0.9312500357627869,egg,263.2023620605469
BFP058,Spanish omelette/omlet,bfp_manual,653.6776123046875,157.44740295410156,5.1000657081604,8.250065803527832,11.439275741577148,1.0253947973251343,2.541973829269409,egg,239.32005310058594
BFP059,Mixed stock,bfp_manual,104.56044006347656,25.192527770996094,0.332087904214859,2.0648350715637207,1.7134065628051758,0.2002197802066803,0.14571428298950195,cup,229.2519989013672
BFP060,Meat stock,bfp_manual,101.55172729492188,24.482759475708008,0.0,2.1034481525421143,1.7758620977401733,0.0,0.0,cup,213.0
BFP062,White stock,bfp_manual,28.882352828979492,6.987189769744873,0.39895424246788025,0.06797385960817337,0.5558170080184937,0.24209150671958923,0.1733333319425583,cup,53.45199966430664
BFP065,Meat consomme (with mutton),bfp_manual,124.5353775024414,29.764188766479492,0.5090901851654053,14.858928680419922,13.677584648132324,0.24457170069217682,0.7074366807937622,bowl,184.50820922851562
BFP066,Consomme au julienne,bfp_manual,116.16287994384766,27.762632369995117,1.491213083267212,12.492985725402832,10.657533645629883,0.826224148273468,1.383997917175293,bowl,213.7445068359375
BFP067,Consomme au vermicelli,bfp_manual,125.29080200195312,29.944137573242188,1.3008853197097778,15.231201171875,12.981599807739258,0.2657361626625061,0.8061732649803162,bowl,187.7198028564453
BFP072,Green pea soup (Matar ka soup),bfp_manual,165.85072326660156,39.80643081665039,3.632769823074341,11.064568519592285,12.895628929138184,0.8695144057273865,2.4928057193756104,bowl,221.32374572753906
BFP073,Spinach soup (Palak ka soup),bfp_manual,135.78953552246094,32.59222412109375,3.0258355140686035,10.53670883178711,14.2641019821167,0.29184064269065857,1.9785419702529907,bowl,163.876953125
BFP074,Mixed vegetable soup,bfp_manual,148.51463317871094,35.70974349975586,2.948354959487915,8.2156343460083,11.661970138549805,1.6396868228912354,1.6370433568954468,bowl,157.37283325195312
BFP075,Cheese soup,bfp_manual,170.54446411132812,41.13197326660156,1.8684245347976685,12.38849925994873,17.071733474731445,0.8367053270339966,1.7953871488571167,bowl,182.97146606445312
BFP076,Mulligatawny soup,bfp_manual,226.94931030273438,54.42295837402344,8.236784934997559,11.264935493469238,13.276717185974121,1.25943124294281,2.5955166816711426,bowl,189.8490447998047
BFP079,Cream of carrot soup,bfp_manual,248.47589111328125,59.76658248901367,5.6875762939453125,8.274369239807129,12.351938247680664,1.7667776346206665,1.9785246849060059,bowl,278.3031005859375
BFP080,Cream of broccoli soup,bfp_manual,233.8495635986328,56.142276763916016,3.7204384803771973,8.969630241394043,12.746293067932129,1.5947030782699585,1.8875502347946167,bowl,258.6194152832031
BFP082,Cream of potato soup,bfp_manual,250.33700561523438,60.20338439941406,6.142794132232666,8.100199699401855,12.049994468688965,1.2395669221878052,1.5147693157196045,bowl,286.3573913574219
BFP087,Almond soup (Badam ka soup),bfp_manual,327.7515869140625,78.65080261230469,3.682903528213501,10.130523681640625,13.798742294311523,1.9448951482772827,0.9056499004364014,bowl,375.1643371582031
BFP088,Cold cucumber cream soup ,bfp_manual,49.568626403808594,11.876679420471191,1.7591111660003662,0.3364967405796051,0.3370457589626312,0.508784294128418,0.7309281229972839,bowl,45.42829895019531
BFP089,Cold tomato soup,bfp_manual,69.74498748779297,16.904006958007812,0.5917668342590332,0.11340618878602982,1.557085633277893,0.21992714703083038,0.16087432205677032,bowl,46.4015007019043
BFP090,Chicken stew,bfp_manual,529.2840576171875,127.54557800292969,4.441752910614014,7.192839622497559,8.912235260009766,1.4340790510177612,1.8176558017730713,bowl,378.6318054199219
BFP091,Veg paneer stew,bfp_manual,606.7435302734375,145.5452117919922,10.215227127075195,6.984574794769287,8.407440185546875,4.8510541915893555,3.078566789627075,bowl,344.7384033203125
BFP108,Onion-green chilli parantha/paratha (Pyaaz aur hari mirch ka parantha/paratha),bfp_manual,796.0255126953125,191.2708282470703,26.3702449798584,4.371401786804199,7.2689714431762695,2.710275650024414,5.162296772003174,parantha,146.22654724121094
BFP110,Methi parantha/paratha,bfp_manual,618.368408203125,148.36228942871094,22.191102981567383,4.271204471588135,4.344996452331543,2.4386165142059326,5.089674949645996,parantha,135.3014678955078
BFP114,Bathua poori,bfp_manual,2466.823974609375,598.79443359375,13.852322578430176,2.352811813354492,59.13740539550781,0.414669930934906,1.8711491823196411,poori,544.2376098632812
BFP115,Gram flour poori (Besan poori),bfp_manual,2873.77880859375,697.6649169921875,10.934513092041016,2.5867257118225098,71.51268005371094,0.34808260202407837,1.9362832307815552,poori,525.57421875
BFP116,Beetroot poori (Chukandar ki poori),bfp_manual,2173.696044921875,527.6575927734375,12.288643836975098,1.9128886461257935,52.177677154541016,0.5447970628738403,1.3979922533035278,poori,543.1355590820312
BFP117,Peas poori (Matar ki poori),bfp_manual,2442.794921875,592.8313598632812,14.9174222946167,3.036515474319458,57.69212341308594,0.48162293434143066,2.252983331680298,poori,496.79266357421875
BFP118,Peas kachori (Matar kachori),bfp_manual,2408.81298828125,584.683349609375,13.247672080993652,3.213043212890625,57.50550842285156,0.49635711312294006,2.0310518741607666,kachori,632.2093505859375
BFP122,Pizza,bfp_manual,609.9488525390625,146.772705078125,9.942834854125977,6.848748683929443,8.723817825317383,1.3796229362487793,1.7065834999084473,slice,436.3479309082031
BFP124,Bacon and mushroom pancake,bfp_manual,654.3705444335938,157.6691436767578,8.468841552734375,6.820419788360596,10.602088928222656,1.2290560007095337,1.5865178108215332,pancake,191.5732879638672
BFP125,Cheese and tomato pancake,bfp_manual,612.5563354492188,147.38526916503906,10.66385555267334,5.1456990242004395,9.283824920654297,3.4790022373199463,1.057777762413025,pancake,162.4922637939453
BFP127,Minced meat pancake (with chicken),bfp_manual,483.97003173828125,116.04132080078125,8.177068710327148,12.012725830078125,10.47835636138916,1.2944780588150024,0.7017265558242798,pancake,155.9285888671875
BFP132,Eggplant/Brinjal rice (Vangi bhat),bfp_manual,772.3043823242188,184.79580688476562,31.739519119262695,5.278867244720459,3.67387318611145,4.362752437591553,4.435964584350586,plate,538.0884399414062
BFP133,Kashmiri 'tahar',bfp_manual,410.1426086425781,98.20726776123047,19.108060836791992,1.951994776725769,1.3652318716049194,0.1675790697336197,0.9758060574531555,plate,319.82177734375
BFP134,Cumin pulao (Jeera/Zeera pulao),bfp_manual,563.9260864257812,135.24134826660156,23.61042594909668,2.472125768661499,3.19645094871521,0.6380037069320679,1.3994455337524414,plate,365.8278503417969
BFP136,Peas pulao (Matar pulao),bfp_manual,454.4104919433594,108.86902618408203,18.41572380065918,3.893981695175171,1.9029138088226318,1.304916262626648,3.212470769882202,plate,513.7529296875
BFP137,Split bengal gram dal and vegetable pulao (Channa dal and vegetable pulao),bfp_manual,486.36865234375,116.52501678466797,19.720027923583984,3.600520610809326,2.296186923980713,1.5860828161239624,3.1590065956115723,plate,514.924072265625
BFP138,Black channa pulao/ Bengal gram pulao (Kale chane ka pulao),bfp_manual,523.8380126953125,125.51226806640625,21.55298614501953,3.436180353164673,2.5780675411224365,1.990526556968689,2.693915367126465,plate,498.158203125
BFP141,Mutton pulao,bfp_manual,544.1317749023438,130.77203369140625,11.260220527648926,6.517856121063232,10.780278205871582,0.9962867498397827,1.6508136987686157,plate,866.5282592773438
BFP142,Chicken pulao,bfp_manual,450.533447265625,108.24070739746094,11.167526245117188,6.0749030113220215,8.476006507873535,0.9880853295326233,1.6372241973876953,plate,723.1832275390625
BFP143,Mexican rice,bfp_manual,502.2771301269531,120.56631469726562,14.21426010131836,4.623010635375977,4.88023042678833,1.4414246082305908,1.641403317451477,plate,624.244140625
BFP144,Plain khitchdi (Plain khichri/khichdi),bfp_manual,238.07839965820312,57.03049850463867,10.041864395141602,1.7178136110305786,1.0063414573669434,0.12067944556474686,0.8483797907829285,small bowl,327.3550720214844
BFP147,Instant idli (with semolina),bfp_manual,1034.132080078125,247.28704833984375,43.40259552001953,9.164912223815918,3.6070773601531982,3.3500046730041504,7.125243186950684,idli,87.23462677001953
BFP148,Plain dosa,bfp_manual,1588.705810546875,380.9057922363281,64.07878875732422,10.336366653442383,8.430865287780762,0.696020781993866,5.229584693908691,dosa,137.6022186279297
BFP150,Masala dosa mixed vegetable fillings,bfp_manual,602.9541625976562,144.53289794921875,23.01639175415039,4.835011959075928,3.2575178146362305,1.5300428867340088,4.312078952789307,dosa,400.8403015136719
BFP151,Masala dosa paneer fillings,bfp_manual,1014.7100219726562,243.11558532714844,29.755115509033203,10.308577537536621,8.843331336975098,4.812169551849365,3.1149590015411377,dosa,479.75213623046875
BFP152,Uttapam,bfp_manual,1065.3399658203125,255.94635009765625,36.27714920043945,6.183180332183838,9.028703689575195,1.4994081258773804,4.395711898803711,uttapam,174.1522979736328
BFP153,Appam,bfp_manual,1120.323974609375,267.6977233886719,13.279373168945312,3.1196720600128174,22.629667282104492,4.156583309173584,6.1931233406066895,appam,409.2830810546875
BFP154,Beans and macaroni,bfp_manual,569.7305908203125,136.08233642578125,14.242497444152832,4.583008766174316,7.014297008514404,1.6770107746124268,2.04951810836792,plate,345.98931884765625
BFP155,Spaghetti bolognese,bfp_manual,408.4497985839844,97.42620849609375,10.04308032989502,9.350064277648926,9.51491641998291,1.4110774993896484,1.0784796476364136,shallow dish,364.6760559082031
BFP157,Meat and macaroni casserole,bfp_manual,676.142578125,161.5495147705078,16.12368392944336,9.14674186706543,10.167915344238281,0.9951061010360718,1.1870911121368408,small casserole dish,647.0057983398438
BFP158,Spaghetti with meat balls and tomato sauce,bfp_manual,658.925048828125,158.12681579589844,10.457764625549316,5.606260776519775,10.640101432800293,1.8660516738891602,1.1148855686187744,shallow dish,878.8372192382812
BFP159,Spaghetti with paneer balls and tomato sauce,bfp_manual,660.9330444335938,158.5359649658203,12.724629402160645,3.9538655281066895,10.437604904174805,3.025362491607666,1.2498105764389038,shallow dish,785.9896240234375
BFP161,Lasagne with meat sauce,bfp_manual,265.0000915527344,63.37648010253906,5.382512092590332,2.9015865325927734,3.434756278991699,1.0394691228866577,0.47311463952064514,dish,1124.6346435546875
BFP162,Lasagne with vegetables,bfp_manual,206.4037628173828,49.22756576538086,5.904449462890625,1.7051101922988892,2.160186529159546,1.3675693273544312,0.6633665561676025,dish,865.0218505859375
BFP165,Home made egg noodles,bfp_manual,1005.7523803710938,240.8446044921875,42.92109680175781,6.546877384185791,4.3736162185668945,1.0344520807266235,1.59502112865448,curry bowl,541.7799682617188
BFP170,Sour lentils (Khatti dal),bfp_manual,145.55575561523438,34.78679656982422,6.039076805114746,2.215777635574341,0.12412714958190918,1.251977801322937,1.222334861755371,curry bowl,126.17866516113281
BFP171,Urad special dehusked,bfp_manual,289.35205078125,69.43492889404297,8.86236572265625,3.1402227878570557,2.168675422668457,1.3215153217315674,2.5015289783477783,curry bowl,184.8427276611328
BFP172,Arhar with spinach (Arhar dal aur palak),bfp_manual,219.5298614501953,52.837005615234375,4.765925884246826,2.0510432720184326,2.755333662033081,0.2306186407804489,1.2950642108917236,curry bowl,213.09164428710938
BFP174,Moong dal with vadi,bfp_manual,99.51162719726562,24.078964233398438,0.995238184928894,0.39708638191223145,2.048027276992798,0.4482230246067047,0.3938679099082947,curry bowl,87.27902221679688
BFP176,Rasam with tamarind (Puli rasam/ Chintapandu rasam/ Charu/Saaru),bfp_manual,111.5490493774414,26.740537643432617,3.369755506515503,1.13163161277771,0.8818190693855286,0.8298594355583191,1.5956131219863892,curry bowl,104.25333404541016
BFP177,Rasam with lemon (Nimmakaya rasam/Nimmakaya charu/Elumichai rasam/Nimbe hannina saaru),bfp_manual,101.81714630126953,24.41213607788086,2.845593214035034,1.1060152053833008,0.8744194507598877,0.44475317001342773,1.5370126962661743,curry bowl,96.2741470336914
BFP178,Green gram whole with baghar (Sabut moong dal with tadka),bfp_manual,264.0372314453125,63.43487548828125,6.795018196105957,3.2305705547332764,2.479680299758911,0.14789296686649323,3.015108585357666,bowl,143.18519592285156
BFP179,Urad sabut special,bfp_manual,329.1147766113281,79.39273071289062,5.032357215881348,2.3288562297821045,5.461534023284912,0.8641084432601929,2.14921236038208,bowl,350.757080078125
BFP185,Kabuli channa curry,bfp_manual,287.2910461425781,68.57402801513672,7.627630233764648,2.9218780994415283,3.0572526454925537,1.2413370609283447,1.1173582077026367,bowl,243.8697967529297
BFP187,Besan gatte curry,bfp_manual,791.8628540039062,189.37986755371094,16.25631332397461,7.754941940307617,10.720566749572754,4.499130725860596,3.247182607650757,bowl,484.1685485839844
BFP190,Dry masala chops,bfp_manual,563.4385986328125,135.0722198486328,3.2994251251220703,9.079808235168457,9.536886215209961,2.2698190212249756,0.8560987114906311,chops,199.37335205078125
BFP194,Mutton korma,bfp_manual,481.7354736328125,115.6387710571289,2.5322153568267822,7.092463493347168,8.535347938537598,1.6357982158660889,0.7784342169761658,bowl,423.775634765625
BFP196,Shahi keema kofta curry,bfp_manual,1722.0665283203125,418.1347961425781,1.7322837114334106,4.140879154205322,43.82570266723633,0.7798011898994446,0.9061806201934814,bowl,2580.26806640625
BFP197,Minced meat ball curry,bfp_manual,456.2625732421875,109.78636169433594,2.8584256172180176,6.816090106964111,7.846933841705322,1.2734930515289307,1.48771071434021,bowl,409.6019287109375
BFP198,Boti kebab,bfp_manual,554.2810668945312,132.8579559326172,3.062425136566162,9.223479270935059,9.267193794250488,2.0911314487457275,0.756249189376831,kebab,72.66267395019531
BFP199,Mutton seekh kebab,bfp_manual,560.464599609375,133.93788146972656,3.1081693172454834,11.250200271606445,8.434111595153809,1.3983994722366333,1.8839112520217896,kebab,60.25196075439453
BFP201,Indian lamb and egg curry (Nargisi kofta),bfp_manual,1383.6434326171875,335.75128173828125,2.069631338119507,3.8397438526153564,34.69672775268555,0.7465229034423828,0.5953487157821655,kofta,1312.53564453125
BFP203,Soya chunks sweet and sour (Nutrinugget sweet and sour),bfp_manual,2061.898193359375,500.9414978027344,3.27394437789917,2.8535497188568115,55.991085052490234,1.0960159301757812,0.8577092289924622,bowl,2312.2958984375
BFP204,Soya chunks korma (Nutrinugget korma),bfp_manual,546.5907592773438,131.42710876464844,7.671975135803223,3.861602783203125,9.499078750610352,4.664626121520996,2.5699493885040283,bowl,326.8592224121094
BFP205,Mushroom matar,bfp_manual,293.62286376953125,70.77049255371094,5.332342624664307,2.7919771671295166,4.107232093811035,1.393723726272583,3.132453680038452,bowl,186.0626983642578
BFP206,Soya chunks and peas (Nutrinugget matar),bfp_manual,342.63330078125,82.62155151367188,5.819057941436768,3.0291988849639893,5.108036518096924,1.6438199281692505,2.8574466705322266,bowl,184.1717071533203
BFP207,Vegetable yakhni,bfp_manual,1672.0345458984375,406.0583801269531,1.9396111965179443,1.1754627227783203,43.79631042480469,1.4352363348007202,0.6138189435005188,bowl,2329.719482421875
BFP208,Spinach mushroom (Palak mushroom),bfp_manual,197.64987182617188,47.625389099121094,2.9535396099090576,1.9403995275497437,2.956538677215576,0.995255708694458,2.2720611095428467,bowl,140.53775024414062
BFP210,Vegetarian nargisi kofta curry,bfp_manual,1369.4779052734375,332.1537780761719,6.5783514976501465,2.2880382537841797,32.93953323364258,1.6477644443511963,0.8610579371452332,kofta,1325.2603759765625
BFP212,Roast chicken,bfp_manual,833.378662109375,199.90284729003906,0.10034676641225815,20.485633850097656,13.063252449035645,0.04617619514465332,0.031077789142727852,joint,266.62042236328125
BFP214,Shahi chicken masala,bfp_manual,680.7355346679688,163.69508361816406,4.0654449462890625,9.824180603027344,12.016855239868164,2.8578834533691406,0.9615709781646729,bowl,571.5413818359375
BFP216,Tomato chicken,bfp_manual,465.811767578125,111.68009185791016,2.132354974746704,10.570333480834961,6.714834213256836,0.9281773567199707,1.4232397079467773,bowl,196.84173583984375
BFP217,Creamy chicken,bfp_manual,637.4938354492188,152.86581420898438,3.125948905944824,13.517690658569336,9.574430465698242,2.112276315689087,0.6944236755371094,bowl,332.3608703613281
BFP218,Broccoli chicken ala king,bfp_manual,500.3282775878906,119.56106567382812,5.3371806144714355,7.973781108856201,7.572684288024902,2.4868905544281006,1.9210470914840698,bowl,282.271728515625
BFP220,Ginger chicken,bfp_manual,538.1866455078125,129.1676483154297,5.599249839782715,8.244894981384277,8.240785598754883,1.9479331970214844,1.2136913537979126,bowl,495.913330078125
BFP221,Chicken sweet and sour,bfp_manual,1834.3480224609375,445.0939636230469,2.6660375595092773,6.920297622680664,47.59152603149414,0.8901690244674683,0.5767731070518494,bowl,2499.60302734375
BFP222,Chicken korma,bfp_manual,616.7810668945312,147.9583740234375,5.429599761962891,9.830964088439941,9.674144744873047,3.3224031925201416,1.818806767463684,bowl,513.4599609375
BFP223,Bengal fish curry (Bengali machli curry),bfp_manual,458.0791015625,109.43326568603516,4.419909477233887,7.263133525848389,7.026848793029785,2.386934995651245,1.926630973815918,bowl,339.7574462890625
BFP226,Fish finger,bfp_manual,2236.490966796875,542.9013061523438,4.474176406860352,5.65550422668457,55.82164764404297,0.17178024351596832,0.33995357155799866,fillet,2408.255859375
BFP229,Fish in coconut milk (Nariyal ke doodh ke saath machli),bfp_manual,359.88739013671875,86.20545196533203,2.7309341430664062,8.659459114074707,4.431859970092773,1.5489449501037598,1.5153682231903076,dish,280.641845703125
BFP230,Prawn curry (with coconut) (Jhinga curry),bfp_manual,456.0732727050781,109.54869079589844,3.103473424911499,8.543452262878418,6.929214000701904,2.0349531173706055,1.564234972000122,bowl,313.4407043457031
BFP231,Baked stuffed fish,bfp_manual,510.12896728515625,121.96038055419922,2.1212949752807617,16.138198852539062,5.427358150482178,0.34636545181274414,0.37637126445770264,fish,742.0862426757812
BFP232,Fish pie,bfp_manual,504.07080078125,120.89502716064453,7.743610858917236,9.250432968139648,5.7728986740112305,1.1310251951217651,0.7566347122192383,pie,369.443115234375
BFP233,Crispy baked fish,bfp_manual,579.5053100585938,138.40179443359375,9.587173461914062,10.953568458557129,6.413250923156738,1.52664315700531,1.207491159439087,casserole dish,391.6770935058594
BFP234,Fish souffle,bfp_manual,582.3558959960938,139.70716857910156,5.1389923095703125,10.508346557617188,8.546370506286621,2.0930960178375244,0.19215142726898193,dish,412.61114501953125
BFP239,Potato curry (Aloo ki sabzi),bfp_manual,372.1199035644531,89.55504608154297,10.419947624206543,1.5177794694900513,4.468658924102783,1.584913969039917,2.4220821857452393,bowl,180.51611328125
BFP240,Egg curry (Anda curry),bfp_manual,488.2774353027344,117.52069091796875,4.03344202041626,5.383247375488281,8.80944538116455,1.8966227769851685,2.092888355255127,bowl,178.12611389160156
BFP241,Vegetable curry with coconut ,bfp_manual,346.1748962402344,83.0712661743164,7.185318470001221,2.7740097045898438,4.6555094718933105,1.411500096321106,3.345585346221924,bowl,308.66790771484375
BFP242,Curd with potatoes (Dahi aloo),bfp_manual,249.5955047607422,59.90421676635742,7.1462483406066895,1.5634292364120483,2.720989227294922,1.8203973770141602,1.1870113611221313,bowl,227.19273376464844
BFP246,Potato kofta curry (Aloo kofta curry),bfp_manual,1873.5487060546875,455.3974609375,2.7838075160980225,0.5600302815437317,49.08486557006836,0.6299353241920471,0.5600333213806152,bowl,4645.41845703125
BFP249,Yam kofta curry (Zimikand/Suran kofta curry),bfp_manual,1328.9459228515625,322.8794860839844,3.748732328414917,0.7149139046669006,33.835304260253906,0.6262010335922241,1.0377956628799438,bowl,2422.435546875
BFP250,Jackfruit kofta curry (Kathal ka kofta curry),bfp_manual,1321.428466796875,321.08282470703125,3.166533946990967,0.8044828772544861,33.83210372924805,2.3951878547668457,0.964221179485321,bowl,2408.9560546875
BFP257,Spinach and potato (Palak aloo),bfp_manual,237.64511108398438,57.170955657958984,5.912322044372559,1.6299874782562256,2.8196754455566406,0.9337491393089294,2.0378479957580566,bowl,191.57415771484375
BFP258,Mooli bhujia,bfp_manual,381.6823425292969,91.20166778564453,4.744147777557373,1.6869206428527832,7.2503156661987305,1.071142554283142,2.356360912322998,bowl,180.96234130859375
BFP259,Bathua bhujia,bfp_manual,380.4223937988281,90.9005355834961,3.6303486824035645,2.263979434967041,7.288114070892334,1.0787022113800049,3.8027875423431396,bowl,180.36483764648438
BFP261,Cabbage rolls (dry) ((Pattagobhi rolls) (dry)),bfp_manual,592.1436157226562,142.4750518798828,6.094019889831543,8.20612621307373,9.35861873626709,1.260119080543518,1.8360204696655273,roll,118.46800994873047
BFP262,Cabbage rolls (curry) ((Pattagobhi rolls)(curry)),bfp_manual,518.75146484375,124.62748718261719,7.032143592834473,5.7596306800842285,8.16766357421875,3.8064990043640137,2.35186505317688,roll,181.4825439453125
BFP263,Dry arbi (Sookhi arbi),bfp_manual,558.90869140625,134.94505310058594,11.106585502624512,2.116119861602783,8.966598510742188,1.5514482259750366,2.4732165336608887,bowl,270.686279296875
BFP264,Masala arbi,bfp_manual,768.0505981445312,185.37693786621094,16.157772064208984,3.007230043411255,11.902779579162598,0.8109399080276489,3.099414825439453,bowl,215.3709259033203
BFP266,Peas brinjal bhartha (Matar baingan bhartha),bfp_manual,350.00347900390625,84.54545593261719,5.018434524536133,2.0512430667877197,6.0518879890441895,1.5736274719238281,3.630924701690674,small bowl,221.2301025390625
BFP269,Okra/Lady's fingers fry (Bhindi sabzi/sabji/subji),bfp_manual,457.7266540527344,110.80847930908203,4.5031561851501465,1.8304076194763184,9.273520469665527,1.424852728843689,3.569150447845459,bowl,184.31881713867188
BFP270,Crispy okra/Crispy lady's fingers (Karare bhindi),bfp_manual,2707.49169921875,657.7600708007812,4.348548412322998,1.9118162393569946,70.39558410644531,0.26049599051475525,1.7533990144729614,small bowl,2254.47265625
BFP272,Beans foogath,bfp_manual,435.98504638671875,105.06459045410156,3.2590041160583496,2.0253562927246094,9.221795082092285,1.695457935333252,4.14662504196167,small bowl,190.34552001953125
BFP273,Stuffed bittergourd (wet) (Bharwa karele),bfp_manual,669.49853515625,162.36154174804688,4.679901599884033,1.3634722232818604,15.24490737915039,1.9528133869171143,2.860555410385132,bowl,254.04708862304688
BFP274,Jackfruit/Kathal (dry),bfp_manual,2012.0494384765625,488.9747619628906,4.564837455749512,0.9296601414680481,51.78341293334961,3.5488522052764893,1.3285168409347534,bowl,2363.8017578125
BFP275,Yam fried (Zimikand/Suran fried),bfp_manual,2023.71630859375,491.7631530761719,5.468400001525879,0.7906505465507507,51.78837585449219,0.8034133911132812,1.4427032470703125,bowl,2377.281494140625
BFP276,"Cauliflower, pea and potato bhujia (Phoolgobhi, matar aur aloo bhujia)",bfp_manual,396.861328125,95.6666488647461,8.233966827392578,2.75445818901062,5.540585041046143,1.4717168807983398,3.2630536556243896,bowl,182.93377685546875
BFP277,Vegetable jalfrezi,bfp_manual,283.8902282714844,68.47779846191406,5.425917148590088,1.404845118522644,4.3751654624938965,1.794954538345337,2.9696500301361084,bowl,68.8783950805664
BFP278,Vegetables stir fry ,bfp_manual,128.24195861816406,30.781307220458984,3.194504499435425,1.03522527217865,1.4730372428894043,0.8552252650260925,1.374916434288025,small bowl,119.58538055419922
BFP279,Broccoli delight,bfp_manual,172.18045043945312,40.696990966796875,2.342355966567993,2.4903509616851807,2.4840853214263916,1.0791980028152466,2.8293232917785645,bowl,81.19049835205078
BFP280,Dhansak (vegetarian),bfp_manual,344.56927490234375,82.80193328857422,7.278299331665039,3.322080612182617,4.179668426513672,0.905998170375824,4.168105125427246,bowl,199.56509399414062
BFP282,Cauliflower basket,bfp_manual,378.517578125,90.9475326538086,3.969550371170044,5.205246925354004,5.880738258361816,1.4675419330596924,2.3982980251312256,portion,219.60646057128906
BFP284,Stuffed bottle gourd (Stuffed ghiya/lauki),bfp_manual,388.4788818359375,93.18714141845703,4.36107063293457,5.8379435539245605,5.802958011627197,1.5199154615402222,1.181577444076538,portion,330.8143615722656
BFP286,Ducheese potato,bfp_manual,583.3187866210938,140.53915405273438,10.936365127563477,3.602362632751465,9.010547637939453,0.2856145203113556,1.2921322584152222,potato,60.37561798095703
BFP287,Roast potatoes ,bfp_manual,363.9530334472656,87.31853485107422,14.521992683410645,1.5261659622192383,2.354518413543701,0.32654115557670593,1.7128534317016602,potato,67.49285888671875
BFP288,Stuffed baked potatoes ,bfp_manual,417.7735595703125,100.19805145263672,11.034720420837402,3.8153202533721924,4.390840530395508,0.40492093563079834,1.30967378616333,potato,104.25106048583984
BFP289,Potato nests,bfp_manual,465.2430114746094,111.6167221069336,11.048689842224121,5.706343173980713,4.76517915725708,1.4118245840072632,2.48541522026062,nest,213.7069549560547
BFP290,Parsley potato,bfp_manual,496.0783386230469,119.51380157470703,13.811198234558105,1.4891704320907593,6.278064727783203,0.34235021471977234,1.593870997428894,bowl,129.67247009277344
BFP291,Creamed spinach and mushroom,bfp_manual,1727.5782470703125,419.61541748046875,3.1675798892974854,2.2780840396881104,44.137428283691406,1.1745545864105225,1.0179495811462402,bowl,2496.711669921875
BFP292,Fricassee of Mushroom,bfp_manual,444.4345397949219,106.66338348388672,8.132780075073242,3.6514029502868652,6.63320779800415,2.5073351860046387,1.2347955703735352,dish,299.553466796875
BFP293,Cauliflower au gratin,bfp_manual,607.0151977539062,145.8968048095703,9.134358406066895,4.453841209411621,10.204614639282227,3.0148658752441406,1.4431378841400146,bowl,490.7093200683594
BFP294,Vegetable and cheese pie,bfp_manual,527.0078735351562,126.87702941894531,8.757074356079102,4.02907133102417,8.281412124633789,2.6940433979034424,1.9115378856658936,dish,615.1505737304688
BFP296,Spinach souffle ,bfp_manual,624.0341186523438,150.17990112304688,6.273834705352783,7.357641696929932,10.520814895629883,0.8876909017562866,1.436058759689331,small bowl,300.87042236328125
BFP299,Beetroot and egg salad (Chukandar aur ande ka salad),bfp_manual,352.9101257324219,84.91504669189453,3.402134895324707,3.356741428375244,6.453707695007324,1.9682022333145142,0.5513483285903931,small bowl,188.93597412109375
BFP300,Sour cream potato salad,bfp_manual,505.8940124511719,121.89783477783203,9.052945137023926,2.8883795738220215,8.126080513000488,0.835390567779541,1.2074589729309082,small bowl,276.5130615234375
BFP301,Tossed green salad,bfp_manual,207.55963134765625,49.87812805175781,3.815504550933838,1.3340367078781128,3.23651385307312,1.8995871543884277,1.3262385129928589,small bowl,108.73432159423828
BFP302,Spring basket salad,bfp_manual,668.2857055664062,160.4569549560547,11.606666564941406,3.3628571033477783,11.29714298248291,1.4647619724273682,3.091428756713867,basket,336.9595947265625
BFP303,Cucumber and yogurt salad (Kheere aur dahi ka salad),bfp_manual,151.79425048828125,36.125816345214844,4.723781108856201,2.0911896228790283,0.9267529845237732,2.2792162895202637,1.661916732788086,small plate,41.57720184326172
BFP305,Chicken and tomato towers,bfp_manual,418.09326171875,100.55178833007812,2.3635880947113037,6.900942802429199,6.991310119628906,1.2060471773147583,1.1442689895629883,stuffed tomato,265.5472106933594
BFP306,Jellied sunshine fruit salad,bfp_manual,206.0392303466797,48.86491775512695,4.207062244415283,5.851489067077637,0.8481287956237793,2.8611066341400146,1.797967791557312,small mould,121.4293212890625
BFP307,Tomato aspic,bfp_manual,212.85748291015625,50.373313903808594,5.023009300231934,6.87376594543457,0.2617279291152954,3.207953453063965,1.5835527181625366,small mould,107.1641845703125
BFP308,Frozen frosty fruit salad (Phalon ka salaad),bfp_manual,436.01287841796875,103.50741577148438,15.6080904006958,1.6776823997497559,4.171952724456787,14.383068084716797,0.26178109645843506,slice,241.17227172851562
BFP310,French dressing,bfp_manual,3018.609375,733.769287109375,3.675629138946533,0.3226490020751953,79.64860534667969,3.010728359222412,0.21960265934467316,cup,1477.322265625
BFP312,Mayonnaise without eggs,bfp_manual,1356.5836181640625,329.0537109375,3.984919309616089,2.131207227706909,33.83994674682617,3.684467315673828,0.042814720422029495,cup,1274.260498046875
BFP313,Curd dressing ,bfp_manual,332.0369873046875,78.79560089111328,8.028802871704102,5.585834980010986,2.9034323692321777,7.569055557250977,0.2200736254453659,cup,164.82464599609375
BFP316,Carrot raita (Gajar ka raita),bfp_manual,272.64166259765625,64.78433990478516,7.185221195220947,4.136575222015381,2.1851816177368164,5.993030548095703,1.686808466911316,bowl,102.14546966552734
BFP318,Pumpkin raita (Kaddu ka raita),bfp_manual,234.08970642089844,55.60216522216797,6.0176825523376465,3.7350518703460693,1.8839621543884277,5.475024700164795,1.0413557291030884,bowl,94.52924346923828
BFP320,Mint and peanut raita (Pudinay aur moongfali ka raita),bfp_manual,468.8100280761719,112.04664611816406,7.3111467361450195,7.04649543762207,6.191745758056641,6.170982360839844,1.7900195121765137,bowl,149.2125244140625
BFP321,Spinach raita (Palak ka raita),bfp_manual,221.9394073486328,52.754600524902344,5.058942794799805,3.9483280181884766,1.858319640159607,3.968055009841919,1.390839695930481,bowl,107.1815185546875
BFP322,Bathua raita,bfp_manual,228.83018493652344,54.40149688720703,5.309964179992676,4.125519275665283,1.7598799467086792,4.105870723724365,2.1931235790252686,bowl,110.52751922607422
BFP325,Pineapple raita (Ananas ka raita),bfp_manual,284.9848937988281,67.74183654785156,8.621537208557129,3.8981993198394775,2.021782875061035,8.116658210754395,1.3891651630401611,bowl,107.60112762451172
BFP326,Banana raita (Kele ka raita),bfp_manual,374.0682373046875,89.03275299072266,13.51010513305664,4.127990245819092,2.072148084640503,10.112377166748047,0.9956874847412109,bowl,141.4196319580078
BFP327,Mango raita (Aam ka raita),bfp_manual,283.4109802246094,67.36566925048828,8.231207847595215,3.9044950008392334,2.144547939300537,7.867980480194092,0.891809344291687,bowl,107.00363159179688
BFP328,Guava raita (Amarood ka raita),bfp_manual,270.8197021484375,64.35635375976562,7.271121978759766,4.187798976898193,2.072148084640503,6.7127299308776855,3.003997802734375,bowl,102.2236328125
BFP329,Grapes raita (Angoor ka raita),bfp_manual,305.288330078125,72.5943603515625,9.657170295715332,3.975321054458618,2.0674264430999756,8.508562088012695,0.7092357277870178,bowl,115.30888366699219
BFP334,Bottle gourd kheer (Ghiya/Lauki kheer),bfp_manual,353.5349426269531,84.07347869873047,10.002121925354004,2.7009787559509277,3.8568472862243652,9.630354881286621,0.5464400053024292,bowl,225.064697265625
BFP336,Pumpkin kheer (Kaddu ki kheer),bfp_manual,363.0605163574219,86.35009002685547,10.435442924499512,2.7588794231414795,3.86245059967041,10.117840766906738,0.6286215782165527,bowl,231.15919494628906
BFP338,Apple kheer (Seb ki kheer),bfp_manual,342.0381164550781,81.29505157470703,11.344511032104492,2.1373558044433594,3.1800167560577393,10.705453872680664,0.5103079080581665,bowl,270.47271728515625
BFP345,Caramel custard (baked),bfp_manual,516.8514404296875,122.69644927978516,14.954767227172852,5.11321496963501,5.009002208709717,14.921507835388184,0.0,small bowl,276.6805114746094
BFP346,Vanilla ice cream without egg,bfp_manual,949.686279296875,228.67276000976562,14.205242156982422,2.6880381107330322,18.145544052124023,13.450675010681152,0.0,ice cream cup,359.8737487792969
BFP347,Vanilla ice cream with egg,bfp_manual,892.5983276367188,214.85037231445312,11.707660675048828,4.164416790008545,17.024320602416992,11.686956405639648,0.0,ice cream cup,389.1477355957031
BFP348,Strawberry ice cream,bfp_manual,895.9827880859375,215.6056365966797,12.257044792175293,4.15120267868042,16.958763122558594,11.604124069213867,0.0,ice cream cup,392.13275146484375
BFP350,Chocochip ice cream,bfp_manual,1004.9122314453125,241.44589233398438,16.754858016967773,4.225705146789551,17.927900314331055,16.080251693725586,0.0,ice cream cup,481.38275146484375
BFP351,Choconut ice cream,bfp_manual,1144.39990234375,273.95611572265625,23.12738609313965,5.040565490722656,18.49078369140625,21.019851684570312,0.5070215463638306,sundae glass,658.7959594726562
BFP352,Pear chocholate sunday,bfp_manual,764.3148803710938,183.4873504638672,15.015302658081055,2.084487199783325,13.111092567443848,14.40560531616211,0.07367179542779922,sundae glass,447.2503967285156
BFP353,Chocolate sauce,bfp_manual,1108.0,263.20001220703125,43.209999084472656,1.909999966621399,10.390000343322754,42.060001373291016,0.0,tablespoon,43.866668701171875
BFP354,Coffee ice cream,bfp_manual,633.01806640625,150.61996459960938,14.08952522277832,3.147430181503296,9.430323600769043,13.348003387451172,0.0,ice cream cup,249.8408660888672
BFP355,Coffee pear alaska,bfp_manual,851.2466430664062,203.98948669433594,19.36335563659668,2.883115291595459,13.215276718139648,16.88257598876953,0.15177233517169952,dish,510.7386779785156
BFP356,Crunchy butterscotch,bfp_manual,1153.6324462890625,277.3192443847656,19.922080993652344,3.1129019260406494,20.99428939819336,17.725950241088867,0.469112753868103,cup,519.626953125
BFP358,Peach melba ice cream,bfp_manual,834.7283935546875,200.84573364257812,16.306827545166016,2.056551694869995,14.50646686553955,13.35116958618164,0.06270624697208405,sundae glass,460.1375732421875
BFP359,Vanilla ice cream with apples in hot cherry sauce,bfp_manual,818.6873168945312,196.3192596435547,22.750776290893555,1.7349472045898438,11.454093933105469,14.189779281616211,0.25801950693130493,dish,492.6631774902344
BFP361,Grape and orange whip,bfp_manual,238.5082550048828,57.3907470703125,6.71652889251709,1.4135537147521973,2.62239670753479,5.661570072174072,0.9669421315193176,orange case,69.44280242919922
BFP362,Honey banana cream,bfp_manual,523.1389770507812,125.48927307128906,13.636676788330078,2.7751660346984863,6.675106048583984,10.51075553894043,0.7003021240234375,tall stemmed glass,415.3694763183594
BFP363,Raspberry bavarian cream,bfp_manual,628.3291015625,150.10455322265625,17.820674896240234,3.3429534435272217,7.875611782073975,15.295780181884766,2.1940927505493164,small mould,355.747802734375
BFP364,Fruit delight,bfp_manual,446.8128662109375,107.09166717529297,9.108918190002441,2.0852339267730713,7.0915207862854,9.032163619995117,0.0929824560880661,small mould,366.25347900390625
BFP365,Creamy chocolate mousse,bfp_manual,957.5154418945312,230.52182006835938,9.526510238647461,6.850801467895508,18.158323287963867,8.986929893493652,0.0,dish,467.38299560546875
BFP366,Cold lemon souffle,bfp_manual,711.958740234375,169.8651580810547,15.624741554260254,5.8938140869140625,9.78144359588623,13.878350257873535,0.0,souffle dish,411.9230041503906
BFP367,Cold orange souffle,bfp_manual,725.8445434570312,173.1899871826172,16.27274513244629,5.939378261566162,9.824922561645508,14.423937797546387,0.11362694948911667,souffle dish,417.82086181640625
BFP368,Cold pineapple souffle,bfp_manual,759.6973876953125,181.2184295654297,16.848684310913086,6.229824542999268,10.387280464172363,14.991228103637695,0.0,souffle dish,413.1780090332031
BFP369,Cold vanilla souffle,bfp_manual,752.4152221679688,179.53909301757812,16.288982391357422,6.2159318923950195,10.316780090332031,14.491312980651855,0.0,souffle dish,423.7122497558594
BFP370,Cold chocolate souffle,bfp_manual,785.8353881835938,187.52767944335938,17.216461181640625,6.367900848388672,10.863374710083008,15.31008243560791,0.0,souffle dish,455.6922607421875
BFP371,Stewed fruit (with pear),bfp_manual,314.8962707519531,74.32410430908203,18.220497131347656,0.25020748376846313,0.31958505511283875,17.674606323242188,2.838132619857788,bowl,89.560546875
BFP372,Apricot fool,bfp_manual,1004.76708984375,240.79278564453125,33.640625,1.5373802185058594,11.346095085144043,21.288436889648438,0.9977325201034546,tall stemmed glass,550.0911254882812
BFP373,Pavlova,bfp_manual,838.7403564453125,200.59559631347656,21.843772888183594,1.8448679447174072,12.289334297180176,20.367961883544922,0.058620210736989975,meringue,725.4539794921875
BFP379,Apple crumb pudding,bfp_manual,926.9669189453125,220.8507080078125,35.16666793823242,1.5396946668624878,8.871500968933105,27.694910049438477,1.3272264003753662,small plate,216.98582458496094
BFP380,Steamed cake with chocolate sauce,bfp_manual,1258.7080078125,301.908203125,29.063655853271484,4.490588188171387,19.014118194580078,19.724580764770508,0.2899159789085388,small mould,718.54150390625
BFP382,Hot lemon souffle,bfp_manual,650.283935546875,155.25045776367188,16.31086540222168,5.288147926330566,7.93432092666626,12.069876670837402,0.13629630208015442,bowl,188.62930297851562
BFP386,Gulab jamun with milk powder,bfp_manual,1953.287841796875,471.1536560058594,28.242319107055664,0.8525879979133606,40.151222229003906,27.040578842163086,0.04571428522467613,piece,1422.2950439453125
BFP388,Chum chum,bfp_manual,551.687255859375,130.05374145507812,28.269840240478516,1.5168564319610596,1.917016863822937,27.841724395751953,0.015493184328079224,piece,405.4425048828125
BFP389,Dil bahar,bfp_manual,551.687255859375,130.05374145507812,28.269840240478516,1.5168564319610596,1.917016863822937,27.841724395751953,0.015493184328079224,piece,405.4425048828125
BFP390,Rasbhari,bfp_manual,551.687255859375,130.05374145507812,28.269840240478516,1.5168564319610596,1.917016863822937,27.841724395751953,0.015493184328079224,piece,405.4425048828125
BFP391,Rajbogh,bfp_manual,566.8672485351562,133.69778442382812,28.159015655517578,1.7112064361572266,2.278181552886963,27.66421127319336,0.11006835103034973,piece,420.5463562011719
BFP392,Rasgulla,bfp_manual,503.25823974609375,118.63716888427734,25.78821563720703,1.3837014436721802,1.748734474182129,25.397680282592773,0.014133138582110405,piece,405.4425048828125
BFP393,Rasmalai,bfp_manual,574.942138671875,135.5491180419922,29.171350479125977,1.6134483814239502,2.1076526641845703,28.70868492126465,0.07152707874774933,piece,430.28033447265625
BFP396,Khoa coconut burfi,bfp_manual,1729.935302734375,411.45404052734375,36.54855728149414,9.978109359741211,26.007959365844727,35.59592056274414,4.065174102783203,piece,206.7556610107422
BFP397,Danedar burfi,bfp_manual,431.87109375,102.67752838134766,12.325998306274414,3.242760181427002,4.72036075592041,11.983197212219238,0.08864054083824158,piece,143.46617126464844
BFP401,Semolina burfi (Suji/Rava burfi),bfp_manual,1457.2432861328125,348.67132568359375,47.0986213684082,3.466792106628418,16.863786697387695,28.67009162902832,2.8000214099884033,piece,163.24790954589844
BFP403,Pumpkin coconut burfi (Kaddu aur nariyal ki burfi),bfp_manual,781.6154174804688,186.1792755126953,17.024032592773438,1.7519750595092773,12.655717849731445,16.111600875854492,4.285862922668457,piece,111.94029235839844
BFP404,Khoa ladoo,bfp_manual,1664.4444580078125,396.0151062011719,34.432220458984375,12.20555591583252,24.094444274902344,33.366111755371094,3.081111192703247,piece,178.20680236816406
BFP406,Wheat and gram flour ladoo (Atta besan ladoo),bfp_manual,2093.5322265625,501.7003173828125,50.49619674682617,9.380413055419922,29.855083465576172,18.45830535888672,6.007768630981445,piece,151.76434326171875
BFP407,Semolina ladoo with nuts (Suji/Rava ladoo with nuts),bfp_manual,1839.111572265625,441.84478759765625,48.024940490722656,5.440637588500977,25.450199127197266,19.790756225585938,4.274502277374268,piece,138.62879943847656
BFP412,Sesame chickpeas brittle (Til aur channe ki chikki),bfp_manual,1183.0,282.73699951171875,50.494998931884766,8.5,4.660714149475098,36.479286193847656,5.542142868041992,piece,98.95794677734375
BFP413,Murmura chikki,bfp_manual,1062.0,253.8179931640625,59.59428787231445,2.1242856979370117,0.322857141494751,48.27428436279297,0.36571428179740906,piece,66.62722778320312
BFP415,Masala onion pakora/pakoda (Pyaaz ke pakode),bfp_manual,2272.156982421875,551.6427001953125,6.481038570404053,2.0452048778533936,57.607757568359375,1.57823646068573,1.4415217638015747,pakora,389.0276184082031
BFP416,Masala green chilli pakora/pakoda (Hari mirch kay pakode),bfp_manual,2753.7939453125,668.7589721679688,5.5475053787231445,2.2224369049072266,71.01499938964844,0.2715916037559509,1.3414231538772583,pakora,458.915771484375
BFP420,Chicken pakora/pakoda,bfp_manual,2431.973388671875,590.09326171875,4.552274703979492,6.031492233276367,60.97547149658203,0.21890690922737122,0.9561175107955933,pakora,404.3417663574219
BFP421,Fish pakora/pakoda,bfp_manual,2377.294677734375,577.0250854492188,4.552274703979492,5.973116874694824,59.521915435791016,0.21890690922737122,0.9561175107955933,pakora,395.38720703125
BFP424,Paneer cutlet,bfp_manual,2770.444580078125,672.1958618164062,7.616063594818115,4.5876359939575195,69.37588500976562,2.521210193634033,0.3922957479953766,cutlet,1215.5654296875
BFP425,Sago cutlet/vadas (Sabudana cutlet/vadas),bfp_manual,2302.717041015625,558.7550048828125,11.226319313049316,0.5644468069076538,56.97008514404297,0.10421917587518692,0.5356833338737488,cutlet,1178.051025390625
BFP427,Poshtik cutlet,bfp_manual,2045.075927734375,496.44976806640625,7.38846492767334,2.0035715103149414,50.94115447998047,0.3184671998023987,1.3453850746154785,cutlet,1195.624755859375
BFP428,Egg cutlet (Anda cutlet),bfp_manual,2367.906982421875,575.0221557617188,5.770039081573486,2.4484479427337646,60.247806549072266,0.20298054814338684,0.5783106684684753,cutlet,1169.2213134765625
BFP430,Minced meat cutlet,bfp_manual,2192.591552734375,531.8563842773438,5.606320858001709,5.09891414642334,54.466915130615234,0.3148822486400604,0.3972434401512146,cutlet,1241.007080078125
BFP431,Vegetable samosa,bfp_manual,1826.4749755859375,443.10748291015625,13.2201509475708,2.2069897651672363,42.22310256958008,0.7429342269897461,1.5228114128112793,samosa,447.2283630371094
BFP436,Plain urad dal vada (Uzunne vada/Minapa garelu/Ulundu vadai/Medu vada),bfp_manual,3069.413818359375,745.4993896484375,9.698890686035156,4.385420322418213,76.31505584716797,0.1597464382648468,2.268779754638672,vada,588.0126342773438
BFP437,Masala urad dal vada,bfp_manual,2898.736328125,703.7791748046875,9.931134223937988,4.321949005126953,71.6166000366211,0.7043834924697876,2.710979700088501,vada,602.0303344726562
BFP439,Khaman (dhokla),bfp_manual,228.09292602539062,54.726593017578125,5.355262756347656,1.9246256351470947,2.7977488040924072,1.3624606132507324,1.4915459156036377,dhokla,64.93401336669922
BFP440,Instant dhokla,bfp_manual,869.3544311523438,207.11245727539062,24.110549926757812,7.664568901062012,9.373123168945312,6.862056732177734,3.5698535442352295,dhokla,87.9917221069336
BFP442,Tomato ginger chutney (Tamatar adarak ki chutney),bfp_manual,187.0878448486328,44.65675354003906,9.111577987670898,1.0496788024902344,0.3215406835079193,6.305856227874756,2.136676549911499,tablespoon,7.333196640014648
BFP443,Mint tomato chutney (Pudinay aur tamatar ki chutney),bfp_manual,182.8481903076172,43.65103530883789,8.223479270935059,1.526698112487793,0.364938884973526,5.483254909515381,2.6325902938842773,tablespoon,8.259322166442871
BFP444,Coriander chutney (Hare dhaniye ki chutney),bfp_manual,179.54501342773438,42.86157989501953,8.162700653076172,1.3760738372802734,0.3715452253818512,5.49514627456665,2.4700746536254883,tablespoon,8.109947204589844
BFP445,Gooseberry chutney (Amla chutney),bfp_manual,179.97833251953125,43.015647888183594,8.834716796875,1.4355430603027344,0.6197226047515869,0.06375408917665482,4.582579135894775,tablespoon,6.900784969329834
BFP446,Walnut chutney (Akhrot ki chutney),bfp_manual,1550.6646728515625,370.4312744140625,8.905654907226562,9.439031600952148,33.46291732788086,4.398921966552734,3.0449137687683105,tablespoon,45.919586181640625
BFP447,Saunth/Sonth chutney with ginger,bfp_manual,354.00506591796875,84.21507263183594,20.6202449798584,0.2805222272872925,0.10582991689443588,19.036746978759766,0.3125842213630676,tablespoon,27.710969924926758
BFP448,Gun powder chutney,bfp_manual,1306.8553466796875,312.33843994140625,47.64929962158203,21.553020477294922,2.6718943119049072,1.1552680730819702,13.950457572937012,tablespoon,43.465797424316406
BFP450,Dessicated coconut chutney (Sookhe kase nariyal ki chutney) ,bfp_manual,1447.1978759765625,346.3626403808594,36.72418975830078,12.88444709777832,15.879511833190918,10.41427993774414,13.159820556640625,tablespoon,37.47355270385742
BFP451,Curd mint dip ,bfp_manual,320.886962890625,76.13265991210938,9.110777854919434,4.821882724761963,2.438880443572998,7.828575611114502,0.7689000964164734,tablespoon,25.09142303466797
BFP452,Curd vegetable dip,bfp_manual,236.813720703125,56.20660400390625,6.036352157592773,3.881967544555664,1.9432389736175537,5.4158477783203125,0.6253147125244141,tablespoon,15.629183769226074
BFP453,Mayonnaise vegetable dip,bfp_manual,996.6905517578125,241.2689208984375,4.7971696853637695,3.0122547149658203,23.44342803955078,4.394097805023193,0.4061964750289917,tablespoon,103.27918243408203
BFP455,Tomato and cucumber sandwich (Tamatar aur kheere ka sandwich),bfp_manual,633.3079223632812,150.67800903320312,20.5053653717041,4.029777526855469,6.310571670532227,1.7891110181808472,2.1031746864318848,sandwich,118.658935546875
BFP456,Tomato sandwich (grilled),bfp_manual,796.4625854492188,189.92440795898438,21.285470962524414,6.255439758300781,9.387621879577637,2.584625482559204,1.9095765352249146,sandwich,145.76698303222656
BFP457,French sandwich (toasted),bfp_manual,780.5867919921875,186.74937438964844,14.818387031555176,6.819484710693359,11.506316184997559,1.818118691444397,1.3663158416748047,sandwich,208.458984375
BFP458,Peanut butter cucumber sandwich,bfp_manual,1022.4434204101562,243.32977294921875,29.759275436401367,9.043438911437988,10.55927562713623,2.9149320125579834,3.350226402282715,sandwich,134.439697265625
BFP459,Mint and peanut sandwich,bfp_manual,1149.3388671875,273.58807373046875,31.828014373779297,7.177052021026611,13.883594512939453,2.782712697982788,3.67368745803833,sandwich,134.29071044921875
BFP460,Spicy chutney sandwich,bfp_manual,1050.8038330078125,249.58187866210938,34.026676177978516,8.741743087768555,9.581197738647461,3.95754337310791,3.7319822311401367,sandwich,143.92138671875
BFP461,Chicken walnut sandwich (Chicken aur akhrot ke sandwich),bfp_manual,1196.2288818359375,285.7780456542969,22.615083694458008,12.584315299987793,16.76581573486328,1.7726829051971436,1.5313695669174194,sandwich,190.3996124267578
BFP463,Rolled sandwich,bfp_manual,1229.1363525390625,293.0657958984375,34.68704605102539,6.453408718109131,15.285000801086426,2.702045440673828,2.0652272701263428,sandwich,64.47447967529297
BFP466,Ribbon sandwich,bfp_manual,1001.3528442382812,239.2641143798828,24.76007843017578,6.26319694519043,13.371228218078613,4.655594348907471,2.924288511276245,ribbon,102.28540802001953
BFP467,Checker board sandwich,bfp_manual,1451.8958740234375,348.36578369140625,25.940135955810547,7.36708927154541,24.65026092529297,2.895401954650879,2.2223329544067383,square,128.16957092285156
BFP468,Submarine sandwich,bfp_manual,899.783935546875,216.9175567626953,13.604089736938477,6.0886945724487305,15.320978164672852,2.499086856842041,1.2411575317382812,hot dog bun,421.63348388671875
BFP470,Cheese open sandwich,bfp_manual,1149.181884765625,274.0680847167969,28.419090270996094,9.84000015258789,14.242727279663086,3.2381818294525146,1.7445454597473145,sandwich,150.73745727539062
BFP471,Sunset and sunrise open sandwich,bfp_manual,1008.8519897460938,241.3109130859375,18.89407730102539,8.580724716186523,15.136857986450195,1.9452568292617798,1.3892446756362915,sandwich,199.68478393554688
BFP472,Danish luncheon sandwich,bfp_manual,812.5904541015625,193.8192596435547,17.767698287963867,9.027264595031738,10.095224380493164,1.132503628730774,1.5196527242660522,sandwich,167.411376953125
BFP473,Chicken and corn open sandwich,bfp_manual,789.4088134765625,188.1591033935547,19.211580276489258,8.629572868347168,8.834002494812012,2.476862668991089,1.6737254858016968,sandwich,203.9174346923828
BFP476,Chocolate sponge cake,bfp_manual,1011.3270263671875,239.85745239257812,39.542179107666016,9.134881019592285,5.509288787841797,24.9962100982666,0.5232227444648743,piece,168.69973754882812
BFP478,Chocolate swiss roll,bfp_manual,1275.4195556640625,306.0789489746094,26.972558975219727,6.009129047393799,19.755830764770508,18.82744026184082,0.29129287600517273,swiss roll,145.00489807128906
BFP479,Lemon curd filling,bfp_manual,945.7249755859375,225.62400817871094,26.405000686645508,3.432499885559082,12.577499389648438,26.130001068115234,0.0,tablespoon,56.406002044677734
BFP480,Jam filling,bfp_manual,772.4307250976562,184.61538696289062,46.153846740722656,0.0,0.0,41.53845977783203,0.0,tablespoon,30.0
BFP482,Chocolate pastry,bfp_manual,1022.0150146484375,243.36962890625,32.23630905151367,7.053058624267578,10.122756958007812,22.3380126953125,0.3169408142566681,pastry,211.93235778808594
BFP483,Assorted pastry,bfp_manual,968.80615234375,230.73793029785156,31.9851016998291,6.775999546051025,8.909843444824219,19.699064254760742,0.42946502566337585,pastry,185.35755920410156
BFP484,Orange gateau,bfp_manual,748.2232055664062,178.0481414794922,27.01242446899414,4.779430866241455,6.021613121032715,18.33004379272461,0.6787784099578857,piece,142.10467529296875
BFP485,Black forest gateau,bfp_manual,915.4793090820312,217.81735229492188,30.56795883178711,5.938715934753418,8.580164909362793,21.97380828857422,0.28073742985725403,piece,142.76112365722656
BFP489,Lemon cake,bfp_manual,1560.3258056640625,373.8514099121094,43.10041046142578,5.285655498504639,20.627254486083984,25.840164184570312,0.6221311688423157,piece,228.0493621826172
BFP491,Dundee cake,bfp_manual,1656.16162109375,396.615966796875,41.40033721923828,7.781131267547607,22.698017120361328,21.300209045410156,1.8123098611831665,piece,239.30816650390625
BFP492,Victorian sandwich cake,bfp_manual,1557.3118896484375,373.08837890625,44.73898696899414,5.180116653442383,19.834306716918945,28.18323516845703,0.5918128490447998,piece,239.242919921875
BFP495,Chocolate eggless cake,bfp_manual,1308.4024658203125,312.00604248046875,43.44585037231445,6.663639068603516,13.189111709594727,34.198543548583984,0.3213973641395569,piece,357.24688720703125
BFP496,Orange eggless cake,bfp_manual,1491.281494140625,355.6209411621094,52.64521026611328,7.1566386222839355,13.820504188537598,37.86857223510742,0.5566386580467224,piece,352.6574401855469
BFP498,Chocolate glace icing,bfp_manual,1832.751953125,436.29241943359375,62.43446350097656,3.217336893081665,20.796449661254883,59.88093948364258,0.0,tablespoon,104.4375
BFP499,Butter icing,bfp_manual,2099.69140625,500.7160339355469,71.63703918457031,0.1859259307384491,25.371110916137695,71.63703918457031,0.0,tablespoon,81.11599731445312
BFP500,Chocolate butter icing,bfp_manual,1967.948486328125,469.5876159667969,61.717525482177734,3.2068042755126953,24.765565872192383,59.82061767578125,0.0,tablespoon,91.0999984741211
BFP502,Almond biscuit (Badam ke biscuit),bfp_manual,1702.043701171875,407.73895263671875,52.14155960083008,6.245248794555664,19.704784393310547,22.194562911987305,1.5011036396026611,biscuit,75.73751068115234
BFP505,Orange biscuit,bfp_manual,1488.94091796875,354.7797546386719,62.111751556396484,3.6271817684173584,11.012979507446289,42.63025665283203,0.751995861530304,biscuit,214.64175415039062
BFP506,Gingerman biscuit,bfp_manual,1495.832763671875,357.4268798828125,55.24462890625,6.256139755249023,12.729915618896484,21.642122268676758,1.9965643882751465,gingerman,127.02951049804688
BFP507,Coffee drops,bfp_manual,1850.7623291015625,443.0706787109375,43.056129455566406,7.569732666015625,27.16364288330078,18.26793670654297,1.875827431678772,small,52.29618453979492
BFP508,Christmas biscuit,bfp_manual,1697.502197265625,406.070068359375,60.97199630737305,5.666867733001709,15.882678985595703,26.013277053833008,2.1726009845733643,biscuit,84.10726165771484
BFP509,Christmas wreath biscuit,bfp_manual,1613.8082275390625,386.04632568359375,58.066932678222656,5.430278778076172,15.008878707885742,24.89299964904785,2.2805919647216797,biscuit,84.7854232788086
BFP510,Christmas bell biscuit,bfp_manual,1692.3953857421875,404.84844970703125,60.78856658935547,5.661853313446045,15.838507652282715,25.94163703918457,2.325812339782715,biscuit,84.10726165771484
BFP511,Christmas star biscuit,bfp_manual,1652.3758544921875,392.0292053222656,74.54273223876953,3.5396366119384766,10.036406517028809,53.05175018310547,1.4749664068222046,biscuit,145.6388397216797
BFP512,Christmas tree biscuit,bfp_manual,1612.1007080078125,385.6335144042969,58.41240692138672,5.4297099113464355,14.99578857421875,24.770063400268555,2.6522481441497803,biscuit,84.69476318359375
BFP513,Chocolate cream shells,bfp_manual,1786.5247802734375,427.1673278808594,59.26133728027344,5.10318660736084,19.337682723999023,34.71778106689453,0.9004893898963928,shell,98.1950912475586
BFP516,Jelly biscuit,bfp_manual,1695.150146484375,404.61334228515625,55.243629455566406,4.229109764099121,19.33068084716797,29.75567054748535,2.018848180770874,biscuit,72.4510726928711
BFP517,Cherry and walnut cookies,bfp_manual,1772.2091064453125,422.6035461425781,59.35258483886719,5.625301361083984,18.750593185424805,30.365100860595703,1.2963489294052124,cookies,74.27257537841797
BFP518,Cheese straws,bfp_manual,1586.2777099609375,382.0014343261719,30.60818862915039,9.832524299621582,24.284299850463867,1.786213994026184,1.2876392602920532,straw,36.85358810424805
BFP519,Butterfly biscuit,bfp_manual,1418.181884765625,341.447021484375,25.331756591796875,9.976067543029785,22.11424446105957,2.4363038539886475,1.0226384401321411,biscuit,41.47727584838867
BFP521,Flan pastry,bfp_manual,1851.272705078125,445.79742431640625,47.8392333984375,6.723062038421631,25.042678833007812,6.223923683166504,1.5846890211105347,pastry,232.9291534423828
BFP522,Fruit flan,bfp_manual,1087.804443359375,261.352294921875,34.71337890625,3.2990219593048096,12.483170509338379,9.517033576965332,0.711875319480896,flan,1215.941650390625
BFP523,Orange cream flan,bfp_manual,1173.34765625,280.2833557128906,36.16187286376953,4.7347025871276855,13.58536434173584,25.269577026367188,0.6344797611236572,flan,1132.7652587890625
BFP527,Fruit puree tart,bfp_manual,1190.1654052734375,286.5020751953125,30.41661262512207,3.3468210697174072,16.827314376831055,9.78868579864502,1.3057650327682495,tart,159.402587890625
BFP529,Apple banana pie,bfp_manual,1017.1748657226562,243.98855590820312,32.115875244140625,3.1279330253601074,11.39358901977539,12.964731216430664,1.888298749923706,pie,948.4566650390625
BFP531,Lemon chiffon pie,bfp_manual,1079.99072265625,259.3120422363281,27.6345157623291,4.878358364105225,14.515484809875488,11.386194229125977,0.6574627161026001,pie,1389.91259765625
BFP532,Orange chiffon pie,bfp_manual,864.8139038085938,207.5692138671875,23.136829376220703,3.887580633163452,11.158088684082031,10.455869674682617,0.695776641368866,pie,1449.870849609375
BFP534,Cream buns,bfp_manual,895.9519653320312,215.74057006835938,14.162176132202148,4.451181888580322,15.809080123901367,5.951144695281982,0.3106941878795624,bun,179.6714324951172
BFP535,Savoury puffs,bfp_manual,793.4345092773438,190.7850799560547,10.800604820251465,9.510930061340332,15.242782592773438,4.508681297302246,0.3321409225463867,puff,263.9988708496094
BFP536,Choux swans,bfp_manual,898.8329467773438,216.3354949951172,14.923518180847168,4.353611946105957,15.603715896606445,6.1290130615234375,0.34989628195762634,swan,370.2906494140625
BFP539,Potato aigrettes,bfp_manual,2182.94921875,530.0274658203125,8.005807876586914,2.3512027263641357,54.2388916015625,0.7327327728271484,0.44827377796173096,aigrette,219.40928649902344
BFP541,Cream horns,bfp_manual,1687.813232421875,408.22747802734375,23.117046356201172,3.4228012561798096,33.550270080566406,7.122258186340332,0.5993485450744629,horn,469.9718933105469
BFP542,Savoury cheese horns,bfp_manual,1224.1014404296875,295.1474609375,21.3775634765625,5.6605634689331055,20.705049514770508,2.7442615032196045,0.7295151948928833,horn,218.16317749023438
BFP544,Paneer patties,bfp_manual,1403.85302734375,338.5819091796875,22.794984817504883,7.597538471221924,23.955602645874023,4.042418479919434,1.1756821870803833,patty,340.98583984375
BFP545,Vegetable patties ,bfp_manual,1084.75537109375,261.9207458496094,20.978593826293945,4.006119728088379,17.739768981933594,1.4930598735809326,2.6246907711029053,patty,303.0684814453125
BFP546,Pearl millet infant food (Bajra shishu aahaar),bfp_manual,1516.5,362.4435119628906,62.09600067138672,11.982500076293945,6.624000072479248,26.064498901367188,7.838500022888184,,181.2217559814453
BFP547,Sajina,bfp_manual,1444.5999755859375,345.2593994140625,66.86900329589844,10.810999870300293,3.0329999923706055,25.89099884033203,7.61899995803833,,172.62969970703125
BFP548,Cereal mix ,bfp_manual,505.4800109863281,120.80972290039062,21.83839988708496,3.318000078201294,2.0155999660491943,10.68239974975586,2.032599925994873,,151.01214599609375
BFP549,Pulse mix,bfp_manual,348.5,83.29150390625,15.99524974822998,3.1565001010894775,0.543749988079071,6.585000038146973,2.249000072479248,,111.05533599853516
BFP550,Shishu ahar,bfp_manual,391.70001220703125,93.36520385742188,17.415000915527344,2.611999988555908,1.4347500801086426,6.613500118255615,1.0204999446868896,,124.48693084716797
BFP552,Cereal pulse mix with amylase rice flour,bfp_manual,637.0195922851562,151.57098388671875,27.804704666137695,4.26745080947876,2.7423529624938965,8.839215278625488,3.4650981426239014,,128.83534240722656
BFP553,Banana groundnut paste/puree,bfp_manual,892.0,213.18800354003906,36.154998779296875,4.2729997634887695,5.451000213623047,31.674999237060547,1.7009999752044678,,213.18800354003906
BFP554,Rice dal porridge (Chawal dal ki khichdi/khichri),bfp_manual,1603.9000244140625,383.33209228515625,65.03800201416016,10.79699993133545,8.329000473022461,26.542999267578125,4.508999824523926,,127.7773666381836
BFP555,Lentils and semolina porridge (Dal suji porridge/daliya),bfp_manual,490.75,117.28924560546875,23.19099998474121,3.261500120162964,1.061500072479248,13.838500022888184,1.440500020980835,,234.5784912109375
BFP556,Spinach khichri (Palak khichri/khichdi),bfp_manual,426.43927001953125,102.17948150634766,17.350250244140625,3.428618907928467,1.9086521863937378,0.2064891904592514,1.5602329969406128,,153.52467346191406
BFP557,Vegetable mix,bfp_manual,729.4000244140625,174.20919799804688,36.018001556396484,4.699999809265137,0.940000057220459,27.36199951171875,1.934999942779541,,174.20919799804688
BFP558,Lentils and wheat porridge (Dal wheat porridge/daliya ),bfp_manual,219.8179168701172,52.5369758605957,8.364757537841797,2.7113068103790283,0.9421439170837402,0.9174743294715881,1.2845815420150757,,89.44419860839844
BFP559,Maize porridge,bfp_manual,373.808837890625,89.57054138183594,15.641617774963379,2.139853000640869,1.886617660522461,7.686617374420166,1.6801470518112183,,152.26992797851562
BFP560,Spinach peanut burfi (Palak aur mungfali ki burfi),bfp_manual,444.1666564941406,105.37250518798828,13.590624809265137,3.355208396911621,4.394791603088379,11.497916221618652,2.0729167461395264,,252.89401245117188
BFP561,Split bengal gram burfi/fudge (Channa dal burfi),bfp_manual,1215.6326904296875,287.3585205078125,54.632041931152344,4.6471428871154785,7.092857360839844,43.37938690185547,2.0612244606018066,piece,176.007080078125
BFP563,Chickpea flour cookies (Sweet besan rounds/cookies),bfp_manual,867.7249755859375,207.0072479248047,39.64200210571289,4.292500019073486,3.4235000610351562,30.664499282836914,2.559999942779541,piece,51.75181198120117
BFP564,Pearl millet mathri (Bajra mathri),bfp_manual,3231.65380859375,785.0778198242188,7.42214822769165,1.8224812746047974,83.12189483642578,0.15936718881130219,1.3603663444519043,piece,1178.5980224609375
BFP565,Sesame biscuit (Til ke biscuit),bfp_manual,1767.1776123046875,424.03369140625,53.64928436279297,8.268195152282715,19.33925437927246,29.726646423339844,6.826934337615967,biscuit,61.661563873291016
BFP566,Fermented bengal gram vada (Khameerikrit/Ufna hua channa dal ka vada),bfp_manual,2707.7392578125,657.5725708007812,8.681553840637207,4.050763130187988,67.18557739257812,0.3520110845565796,2.651595115661621,vada,592.6372680664062
BFP568,Poshtik namak paras,bfp_manual,2534.41455078125,613.3907470703125,19.52298355102539,6.490126132965088,56.576839447021484,0.8714147210121155,4.554360389709473,piece,79.12740325927734
BFP569,Soya chikki,bfp_manual,1764.4517822265625,423.6982116699219,62.88771057128906,7.184717655181885,15.513954162597656,45.468441009521484,3.549501657485962,piece,318.8329162597656
BFP570,Besan bathua chilla/cheela,bfp_manual,1560.6639404296875,373.8164367675781,40.647300720214844,11.475519180297852,18.572614669799805,1.4473029375076294,7.789211750030518,cheela,112.61219787597656
BFP571,Wheat flour and nuts ladoos (Atta nuts ladoos),bfp_manual,1633.27587890625,391.90167236328125,44.31482696533203,9.461724281311035,19.192413330078125,15.938620567321777,7.304137706756592,ladoo,142.06434631347656
BFP573,Gram flour and semolina dhokla (Besan suji dhokla),bfp_manual,834.6424560546875,198.91017150878906,25.917722702026367,8.516304016113281,7.095455646514893,2.5806691646575928,4.586390972137451,piece,196.50335693359375
BFP574,Atta dal burfi ,bfp_manual,1250.225830078125,298.79730224609375,40.642581939697266,6.662580490112305,12.472258567810059,21.078710556030273,4.077419281005859,piece,115.78395080566406
BFP575,Soya roti,bfp_manual,1183.77490234375,283.9637145996094,40.02847671508789,9.183112144470215,9.228145599365234,1.5841059684753418,8.708609580993652,roti,142.92840576171875
BFP576,Poshtik khichdi/khichri,bfp_manual,390.1748352050781,93.3676528930664,15.637770652770996,3.0432839393615723,1.8830758333206177,0.26003238558769226,1.9951341152191162,plate,336.4347839355469
BFP577,Namkeen daliya,bfp_manual,1230.095947265625,295.1106262207031,49.31864929199219,8.28543472290039,7.992717266082764,0.8184724450111389,8.565542221069336,plate,346.1401672363281
BFP578,Sprouts upma ,bfp_manual,1318.49658203125,316.2456970214844,44.955387115478516,9.50190544128418,10.43805980682373,1.671101450920105,7.164230823516846,plate,301.4875793457031
BFP579,Semolina idli (Suji/Rava idli),bfp_manual,864.3934936523438,206.3904266357422,33.67109680175781,9.344619750976562,3.473734140396118,3.4164557456970215,5.845991611480713,idli,61.14316177368164
BFP580,Poshtik chilla/cheela,bfp_manual,665.913818359375,159.5341339111328,27.46605110168457,4.847729682922363,3.0402166843414307,1.221203088760376,4.908596515655518,cheela,115.3697738647461
BFP604,Stuffed bittergourd (dry) (Bharwa karela),bfp_manual,896.164794921875,217.6478729248047,2.489490032196045,1.2869261503219604,22.384201049804688,0.0661231055855751,3.0001885890960693,bowl,230.9026336669922
BFP605,Cauliflower potato canjee,bfp_manual,70.24774169921875,16.789209365844727,2.633897066116333,0.570074737071991,0.3924891948699951,0.1300039291381836,0.6853322982788086,glass,35.579132080078125
BFP606,Creamed spinach,bfp_manual,403.4272155761719,96.91499328613281,4.442425727844238,5.184081554412842,6.390686988830566,1.590238332748413,1.3275500535964966,small bowl,373.69451904296875
BFP607,Mango milkshake with ice cream (Aam milkshake ice cream ke saath),bfp_manual,287.54412841796875,68.35029602050781,9.180588722229004,1.9305882453918457,2.7982354164123535,9.10588264465332,0.22999998927116394,tall glass,232.3909912109375
BFP608,Pineapple milkshake with ice cream (Ananas milkshake ice cream ke saath),bfp_manual,288.1323547363281,68.49088287353516,9.326470375061035,1.9282352924346924,2.7523529529571533,9.198823928833008,0.4158823490142822,tall glass,232.86900329589844
BFP609,Orange milkshake with ice cream (Narangi milkshake ice cream ke saath),bfp_manual,285.308837890625,67.81605529785156,9.149999618530273,1.9494117498397827,2.748823642730713,8.998823165893555,0.16058821976184845,tall glass,230.57460021972656
OSR001,Woodapple juice (Bel ka sharbat),open_source_recipes,144.50189208984375,34.176883697509766,6.509658336639404,0.62922203540802,0.6988614797592163,5.7526092529296875,1.0298007726669312,glass,120.07478332519531
OSR002,Sattu drink,open_source_recipes,98.9915771484375,23.377426147460938,5.155844211578369,0.5648049712181091,0.13917005062103271,3.958352565765381,0.3970670700073242,glass,124.87442016601562
OSR004,Apple and honey sorbet (Seb aur shehad ka sharbat),open_source_recipes,515.0230712890625,121.29707336425781,30.74224090576172,0.15337182581424713,0.288591206073761,29.179607391357422,1.1305080652236938,cup,196.95611572265625
OSR005,Thandai,open_source_recipes,424.552001953125,101.1769027709961,9.132845878601074,3.5914835929870605,5.887108325958252,8.207235336303711,0.7960942387580872,glass,256.4539489746094
OSR006,Cucumber sharbat (Kheere ka sharbat),open_source_recipes,115.76641845703125,27.2839412689209,6.635036468505859,0.25912410020828247,0.058394160121679306,5.463503360748291,0.7810218930244446,glass,112.13699340820312
OSR007,Apple oats chia seed smoothie,open_source_recipes,361.60986328125,85.6448974609375,13.070342063903809,3.491137742996216,2.4763245582580566,5.7610182762146,1.4442323446273804,glass,538.2781982421875
OSR008,Nannari sharbat,open_source_recipes,378.5650329589844,88.78984069824219,23.623947143554688,0.010403587482869625,0.009417040273547173,23.58466339111328,0.0,cup,990.0067138671875
OSR009,Semolina milk drink (Thari kanji),open_source_recipes,185.0907440185547,44.1622200012207,6.925323486328125,0.9835715889930725,1.363272786140442,3.882113456726074,0.7230014801025391,cup,116.35420227050781
OSR010,Saffron milk (Kesariya doodh),open_source_recipes,429.93084716796875,102.18103790283203,12.643503189086914,3.1688296794891357,4.56899356842041,12.503067016601562,0.14416153728961945,glass,268.470458984375
OSR011,Black rice kheer (Chak-hao kheer),open_source_recipes,621.5015258789062,147.936767578125,22.93030548095703,4.366131782531738,4.905136585235596,12.568803787231445,0.7645264863967896,bowl,307.2153625488281
OSR012,Coconut kheer (Nariyal ki kheer),open_source_recipes,683.0059814453125,162.61248779296875,14.42290210723877,3.397630214691162,10.546659469604492,13.729865074157715,1.5344955921173096,bowl,1057.5909423828125
OSR013,Apple sago payasam (Seb aur sabudana ki kheer),open_source_recipes,571.9788818359375,136.503173828125,14.403240203857422,3.130678176879883,7.660542011260986,10.63227367401123,0.381131649017334,bowl,451.91082763671875
OSR014,Kesari bath,open_source_recipes,1022.14501953125,244.56851196289062,31.382802963256836,2.3950934410095215,12.585087776184082,20.16176414489746,1.6523536443710327,bowl,432.2361145019531
OSR015,Putharekulu,open_source_recipes,1334.1868896484375,318.3032531738281,59.607479095458984,3.6570093631744385,7.554205894470215,23.864486694335938,1.7476634979248047,roll,170.29225158691406
OSR016,Mango malpua,open_source_recipes,1381.7977294921875,334.6436462402344,12.841540336608887,1.6494756937026978,30.671104431152344,4.958759784698486,2.0830981731414795,piece,1314.7144775390625
OSR017,Mango vanilla custard,open_source_recipes,620.7343139648438,147.63104248046875,18.407085418701172,3.4303321838378906,7.043948173522949,14.620885848999023,0.993726909160614,glass,300.0600891113281
OSR018,Kiwi granola pudding,open_source_recipes,1182.4871826171875,280.9878234863281,32.33153533935547,5.600944519042969,15.359513282775879,15.075992584228516,3.709637403488159,bowl,1472.376220703125
OSR019,Oats burfi,open_source_recipes,1793.804931640625,425.18707275390625,62.46829605102539,8.886306762695312,17.26929473876953,32.92688751220703,4.9580912590026855,piece,256.1752014160156
OSR020,Lotus seed halwa (Kamal gattay ka halwa),open_source_recipes,1542.1954345703125,370.5499572753906,39.562068939208984,7.790459632873535,20.688159942626953,9.7972412109375,0.4225287437438965,piece,1343.2435302734375
OSR021,Amaranth ladoo (Rajgira ladoo),open_source_recipes,1891.6368408203125,454.1483154296875,51.327117919921875,10.11602783203125,22.7022647857666,19.920785903930664,5.109809398651123,ladoo,199.27574157714844
OSR022,Chhena poda,open_source_recipes,1447.911865234375,344.5653076171875,33.63724899291992,13.684338569641113,17.940107345581055,30.654029846191406,1.3966330289840698,slice,255.83973693847656
OSR023,Sweet couscous dessert,open_source_recipes,827.1248779296875,196.199951171875,29.692623138427734,3.8134419918060303,7.691786289215088,15.891463279724121,2.17587947845459,bowl,451.7503662109375
OSR024,Sweetened yogurt (Shrikhand),open_source_recipes,453.478271484375,107.1770248413086,16.016088485717773,5.2735915184021,2.893601417541504,15.814554214477539,0.07932624965906143,bowl,326.50140380859375
OSR025,Thickened sweetened milk (Rabri),open_source_recipes,431.745361328125,102.7945556640625,10.545642852783203,3.5154900550842285,5.349130153656006,10.092884063720703,0.19454897940158844,bowl,226.4436798095703
OSR026,Gram flour halwa (Besan halwa),open_source_recipes,1156.7247314453125,276.78826904296875,25.77559471130371,5.87522554397583,17.297237396240234,15.834343910217285,1.8171298503875732,piece,411.1542663574219
OSR027,Prawn sandwich,open_source_recipes,708.5986938476562,169.64527893066406,11.891688346862793,10.360613822937012,9.27368450164795,1.2107017040252686,1.5500438213348389,sandwich,386.7912292480469
OSR028,Watercress sandwich,open_source_recipes,962.3949584960938,229.41746520996094,28.032331466674805,5.168360233306885,11.471363067626953,1.8124710321426392,2.2593533992767334,triangle,124.17220306396484
OSR029,Fish sandwich ,open_source_recipes,627.6375732421875,150.197021484375,10.088993072509766,4.7249064445495605,10.368215560913086,1.0428632497787476,1.228398084640503,sandwich,391.45098876953125
OSR030,Kidney bean sandwich with cottage cheese,open_source_recipes,739.5565795898438,176.6407928466797,18.859739303588867,9.845356941223145,6.842348098754883,3.6881213188171387,3.65869140625,triangle,423.41680908203125
OSR031,Finger millet biscuit (Ragi biscuit),open_source_recipes,1907.8460693359375,458.5638427734375,52.69028854370117,4.028277397155762,25.79488754272461,16.903390884399414,5.967607021331787,biscuit,345.4132080078125
OSR032,Buttermilk biscuit,open_source_recipes,1339.64404296875,322.54400634765625,34.92733383178711,5.761795520782471,17.50107765197754,3.4445247650146484,1.1813459396362305,biscuit,414.4609680175781
OSR033,Lemon cookies,open_source_recipes,1643.42333984375,394.4773254394531,42.18605041503906,5.62749719619751,23.01546287536621,23.471981048583984,0.7844515442848206,cookie,617.3570556640625
OSR034,Sweet potato biscuit (Shakarkand ke biscuit),open_source_recipes,1232.2540283203125,296.397705078125,38.13307571411133,5.135400295257568,13.30837631225586,2.529298782348633,2.2693982124328613,biscuit,447.31353759765625
OSR035,Raspberry shortbread cookies,open_source_recipes,1842.711181640625,441.1209716796875,61.24797058105469,2.9960989952087402,21.251039505004883,40.861839294433594,0.7464867830276489,cookie,163.49046325683594
OSR036,Pumpkin cookies ,open_source_recipes,920.7857055664062,218.39529418945312,44.69233703613281,2.5142292976379395,3.930473566055298,31.624347686767578,1.059875726699829,cookie,186.62559509277344
OSR037,Greenpea cookies,open_source_recipes,666.8995971679688,159.4171600341797,23.073965072631836,6.528696537017822,4.243386268615723,14.447065353393555,5.316641330718994,cookie,120.91791534423828
OSR038,Sunflower cookies,open_source_recipes,2178.56201171875,520.6232299804688,40.06427764892578,9.48983097076416,36.2818489074707,24.27962875366211,3.950791120529175,cookie,954.3024291992188
OSR039,Cardamom cookies (Elaichi cookies),open_source_recipes,1675.99365234375,400.4893493652344,53.99033737182617,5.09862756729126,19.119487762451172,38.99480438232422,2.786825180053711,cookie,875.4697265625
OSR040,Hazelnut cookies,open_source_recipes,2049.1962890625,493.3157653808594,39.43731689453125,6.248396396636963,34.97259521484375,22.007579803466797,2.4542274475097656,cookie,423.01824951171875
OSR041,Milk cookies,open_source_recipes,1911.4295654296875,459.4341735839844,48.428184509277344,10.493767738342285,24.96055030822754,22.060625076293945,0.9948435425758362,cookie,573.5748901367188
OSR042,Cranberry cookies,open_source_recipes,1138.1776123046875,272.482421875,36.39063262939453,3.9216148853302,12.661157608032227,19.963930130004883,1.126891016960144,cookie,506.1361083984375
OSR043,Olive biscuit,open_source_recipes,1829.898193359375,438.2898864746094,55.007240295410156,3.2033824920654297,23.7471981048584,32.26765441894531,0.816913366317749,biscuit,207.31112670898438
OSR045,Tutti fruitti biscuit,open_source_recipes,1749.344970703125,420.78216552734375,53.122352600097656,5.2059245109558105,17.898103713989258,15.752897262573242,5.434406280517578,biscuit,457.39019775390625
OSR046,Peach blueberry preserves,open_source_recipes,754.7050170898438,177.3811492919922,45.763973236083984,0.5251616835594177,0.20122897624969482,45.330078125,1.14139723777771,half-pints,685.578125
OSR047,Pear preserves (Naashpati ka murabba),open_source_recipes,429.6300048828125,101.2390365600586,25.66578483581543,0.2510855495929718,0.1864270269870758,25.188047409057617,3.0575222969055176,half-pints,603.529296875
OSR048,Starfruit preserves ,open_source_recipes,549.1384887695312,128.9264678955078,33.62123107910156,0.24184615910053253,0.11723077297210693,33.46615219116211,0.7781538367271423,jar,209.5054931640625
OSR049,Gooseberry pickle (Amla ka achaar),open_source_recipes,1165.948486328125,278.5849609375,7.612276554107666,1.5463242530822754,27.60933494567871,0.35784897208213806,3.698528528213501,jar,64.86015319824219
OSR050,Lotus stem pickle (Kamal kakdi ka achar),open_source_recipes,429.0166320800781,102.69074249267578,20.070594787597656,1.442939281463623,1.5996668338775635,2.5317747592926025,8.581247329711914,jar,403.96484375
OSR051,Date pickle (Khajoor ka achaar),open_source_recipes,760.3075561523438,182.2870635986328,34.66094970703125,1.6772139072418213,4.205400466918945,30.473812103271484,5.2036542892456055,small bowl,251.89793395996094
OSR052,Garlic pickle (Lahasun ka achar),open_source_recipes,1705.3182373046875,413.6179504394531,9.753618240356445,3.722050189971924,39.88408279418945,2.323113203048706,5.1255292892456055,jar,211.44149780273438
OSR053,Fermented bamboo shoot pickle (Mesu pickle),open_source_recipes,250.40367126464844,59.83161544799805,1.7324771881103516,1.5793578624725342,5.591376304626465,0.2855045795440674,2.2384402751922607,jar,81.52057647705078
OSR054,Sweet peach pickle (Aadoo ka achaar),open_source_recipes,614.939453125,144.63511657714844,37.009674072265625,0.4617391526699066,0.20428571105003357,36.46366500854492,1.315481424331665,jar,349.2938232421875
OSR055,Pickled mustard greens ,open_source_recipes,54.90068054199219,13.12126350402832,1.0509024858474731,1.5091004371643066,0.22253121435642242,0.02102724276483059,1.695076584815979,jar,154.131103515625
OSR056,Small onion pickle ,open_source_recipes,72.36255645751953,16.864784240722656,2.763744354248047,1.6471024751663208,0.6393759250640869,2.988409996032715,1.0858840942382812,bowl,18.91666603088379
OSR057,Green tomato pickle (Haray tamatar ka achaar),open_source_recipes,796.26416015625,193.2611083984375,2.866100549697876,1.2349056005477905,19.672609329223633,0.7654402852058411,1.737044095993042,jar,122.9140625
OSR058,Pickled cabbage ,open_source_recipes,57.580196380615234,13.693668365478516,2.5610013008117676,0.3908402919769287,0.1364942342042923,2.0804150104522705,0.6094923615455627,jar,35.5059700012207
OSR059,Coconut pickle (Nariyal ka aachar),open_source_recipes,2138.838134765625,517.2561645507812,11.533623695373535,3.022852897644043,51.71007537841797,8.979310989379883,6.3491902351379395,jar,144.86276245117188
OSR060,Potato pickle (Aloo ka achaar),open_source_recipes,1522.11328125,369.1396789550781,7.865382671356201,2.073549270629883,36.45631790161133,0.8196935653686523,2.2119264602661133,bowl,173.1726531982422
OSR061,Mango murabba candy,open_source_recipes,1249.5316162109375,293.3459777832031,77.317138671875,0.2681578993797302,0.05298245698213577,74.73062896728516,0.9523683786392212,candy,222.94293212890625
OSR062,Afghani chicken,open_source_recipes,633.3399047851562,151.51295471191406,1.9462581872940063,15.663017272949219,9.069842338562012,0.8278524279594421,0.3076152801513672,plate,287.4958190917969
OSR063,Fish orly,open_source_recipes,2321.86279296875,563.699951171875,4.266434192657471,5.872488498687744,58.18387222290039,0.23744331300258636,0.32677438855171204,fillet,1657.27783203125
OSR064,Hariyali Fish Tikka,open_source_recipes,625.1104125976562,150.23699951171875,2.205204486846924,14.00955867767334,9.405717849731445,0.8348767757415771,0.9890422821044922,kebab,268.2481689453125
OSR065,Chicken manchurian,open_source_recipes,592.2630615234375,142.33798217773438,6.062744617462158,9.533809661865234,11.958362579345703,0.8952563405036926,0.4115220010280609,plate,632.9912719726562
OSR066,Handi chicken,open_source_recipes,694.8668212890625,166.0196533203125,1.494889497756958,12.322555541992188,12.46326732635498,0.7543935179710388,0.6710296273231506,plate,384.9580993652344
OSR067,Lemon chicken,open_source_recipes,709.573486328125,169.78912353515625,0.5507365465164185,20.198272705078125,9.655328750610352,0.16213208436965942,0.15967752039432526,plate,486.57318115234375
OSR068,Lemon butter fish,open_source_recipes,666.7168579101562,160.2456817626953,0.753724992275238,16.383150100708008,10.258563041687012,0.22830000519752502,0.3618749976158142,piece,320.4913635253906
OSR069,Baked eggs in tomato sauce,open_source_recipes,335.8999938964844,80.04957580566406,3.7764370441436768,4.919628143310547,5.224381923675537,2.0262110233306885,0.008331658318638802,plate,398.2466125488281
OSR070,Egg in a pepper,open_source_recipes,538.8316040039062,128.78076171875,0.17254295945167542,12.642990112304688,8.67584228515625,0.04848797619342804,0.1698625385761261,egg,749.5039672851562
OSR071,Spinach mushroom scrambled egg (Palak mushroom bhurji),open_source_recipes,663.8750610351562,158.8451690673828,0.5877930521965027,13.27927017211914,11.5103178024292,0.1048518642783165,0.39452123641967773,plate,184.97520446777344
OSR072,Corn omelette/omlet,open_source_recipes,695.2380981445312,166.92759704589844,1.5704118013381958,11.371248245239258,12.89288330078125,0.4089575409889221,0.021338481456041336,omelette,324.2568664550781
OSR073,Cajun chicken,open_source_recipes,768.1067504882812,184.9423065185547,1.9431791305541992,12.691536903381348,13.98684310913086,1.0968283414840698,0.887738823890686,chicken breast,309.7783508300781
OSR074,Paaner do pyaza,open_source_recipes,529.4881591796875,127.70478057861328,3.4062819480895996,4.215830326080322,10.870146751403809,2.1970484256744385,0.8370941281318665,bowl,296.11334228515625
OSR075,Cabbage manchurian (Pattagobhi manchurian),open_source_recipes,924.15869140625,224.2626190185547,4.848986625671387,0.6360360383987427,22.484838485717773,0.3337308466434479,0.37194082140922546,bowl,1660.4105224609375
OSR076,Gobi 65,open_source_recipes,1145.979248046875,278.29315185546875,3.5923678874969482,0.5613018274307251,29.109731674194336,0.28911104798316956,0.570992648601532,plate,2386.47509765625
OSR077,Paneer lababdar,open_source_recipes,437.86993408203125,105.47611999511719,3.3675763607025146,3.983811855316162,8.464692115783691,1.9636380672454834,1.1574817895889282,bowl,403.240478515625
OSR078,Roasted cauliflower steak,open_source_recipes,325.0861511230469,78.6754150390625,2.0246100425720215,2.0476601123809814,6.697648525238037,0.44335272908210754,3.532386541366577,cauliflower steak,84.47772216796875
OSR079,Sauteed radishes with green beans,open_source_recipes,392.9405822753906,94.32460021972656,6.036933898925781,2.4131810665130615,6.608610153198242,1.777389645576477,3.5188987255096436,plate,91.10576629638672
OSR080,Garlic chutney/Poondu chutney (Lahasun ki chutney),open_source_recipes,1059.365966796875,255.508056640625,20.43686294555664,3.336231231689453,17.551773071289062,13.359962463378906,5.146976470947266,small bowl,202.830810546875
OSR081,Schezwan chutney,open_source_recipes,849.30517578125,205.1857452392578,10.791571617126465,3.3259973526000977,17.722034454345703,5.656063556671143,5.7224040031433105,box,1553.256103515625
OSR083,Onion chutney (Pyaaz ki chutney/Vengaya chutney),open_source_recipes,597.2565307617188,143.93809509277344,13.519841194152832,2.9694440364837646,8.380476951599121,6.804988384246826,4.601819038391113,cup,75.50753021240234
OSR085,Dates chutney (Khajoor ki chutney),open_source_recipes,432.8609313964844,103.57244110107422,21.691532135009766,1.068406581878662,1.1223781108856201,18.67667007446289,3.411778450012207,small bowl,273.25518798828125
OSR086,Chicken salad,open_source_recipes,1404.729736328125,338.1940612792969,1.3028947114944458,15.32790470123291,30.256547927856445,0.9619534611701965,1.9957489967346191,bowl,835.3392944335938
OSR087,Macaroni salad,open_source_recipes,1095.9395751953125,262.1925964355469,21.628450393676758,5.015699863433838,17.782337188720703,3.726341485977173,0.555027186870575,cup,422.23931884765625
OSR088,Cabbage raita (Pattagobhi raita),open_source_recipes,355.75555419921875,84.83695983886719,5.247120380401611,3.2444281578063965,5.759586334228516,4.214109420776367,0.9255675077438354,bowl,196.94900512695312
OSR089,Pomegranate raita (Anaar ka raita),open_source_recipes,304.9947814941406,72.6445083618164,7.151958465576172,4.047695159912109,3.238284111022949,7.012253284454346,0.5999307036399841,bowl,104.78971099853516
OSR090,Onion raita (Pyaaz ka raita),open_source_recipes,301.32586669921875,71.55741119384766,7.862971305847168,4.8553996086120605,2.4252395629882812,7.069936275482178,0.6479872465133667,bowl,111.98735046386719
OSR091,Green chilli raita (Hari mirch ka raita),open_source_recipes,325.06475830078125,77.12936401367188,7.6609368324279785,5.578923225402832,2.9244089126586914,7.493175983428955,0.2587241530418396,bowl,79.0730209350586
OSR092,Kale salad,open_source_recipes,737.5276489257812,177.7139434814453,5.0063252449035645,4.855113506317139,15.32857894897461,3.3063366413116455,1.3593477010726929,bowl,95.3546371459961
OSR093,Spinach and paneer souffle ,open_source_recipes,779.4281616210938,186.19473266601562,9.640643119812012,7.561341285705566,13.49350357055664,2.805609703063965,1.068436861038208,souffle dish,839.7382202148438
OSR094,Masala souffle ,open_source_recipes,514.2320556640625,123.5146484375,8.020496368408203,6.383276462554932,7.365000247955322,1.836639165878296,1.2420134544372559,souffle dish,1833.7725830078125
OSR095,Chicken and cheese souffle,open_source_recipes,758.1141967773438,182.354248046875,3.4660613536834717,9.068145751953125,14.738247871398926,2.4645779132843018,0.2564961612224579,souffle dish,356.5025634765625
OSR096,Tamarind chutney (Chintapandu pachadi/Puli chutney),open_source_recipes,456.5388488769531,109.14761352539062,25.06587791442871,0.8776803612709045,0.4835139811038971,22.84941291809082,1.6482878923416138,ml,3.9525082111358643
OSR097,Pav bhaji masala,open_source_recipes,964.6375122070312,230.46640014648438,29.148942947387695,9.129295349121094,10.964405059814453,1.4812334775924683,24.304845809936523,gm,2.6157937049865723
OSR098,Green chutney,open_source_recipes,332.2904968261719,79.41742706298828,10.008160591125488,5.423238754272461,1.6046245098114014,0.918391227722168,5.836636066436768,glass jar,19.37586784362793
OSR099,Sago khitchdi/khichri (Sabudana khitchdi/khichri),open_source_recipes,785.649658203125,187.1644744873047,22.413801193237305,2.721275806427002,10.101280212402344,1.0335208177566528,1.8236956596374512,bowl,507.8895263671875
OSR100,Gram flour chilla/cheela (Besan chilla/cheela),open_source_recipes,575.2408447265625,135.9300994873047,21.02887725830078,7.802441120147705,2.852105140686035,1.8686106204986572,4.2509002685546875,cheela,70.78333282470703
OSR101,Vegetable namkeen jave,open_source_recipes,468.28582763671875,112.23060607910156,18.97719955444336,2.930877923965454,2.5060160160064697,1.0416624546051025,2.8592631816864014,plate,409.9671630859375
OSR102,Khakhra,open_source_recipes,743.9240112304688,178.4959716796875,27.66258430480957,4.775326251983643,5.3191657066345215,0.8809743523597717,5.433740615844727,khakhra,135.09913635253906
OSR103,Moong bean dosa (Pesarattu),open_source_recipes,1190.040771484375,285.9556884765625,31.906055450439453,12.318492889404297,11.665361404418945,2.9005160331726074,6.040430545806885,pesarattu,75.93962097167969
OSR104,Methi thepla,open_source_recipes,1442.6611328125,346.1560974121094,41.339027404785156,8.980030059814453,15.945419311523438,2.9823226928710938,7.560302734375,thepla,126.16130828857422
OSR105,Rice puttu (Ari puttu),open_source_recipes,342.9659729003906,81.98186492919922,11.821471214294434,1.260176181793213,3.125922441482544,0.3299214541912079,0.7560105323791504,puttu,344.40582275390625
OSR106,Buckwheat pancake (Khura),open_source_recipes,1090.9249267578125,263.2983093261719,27.277254104614258,2.9074223041534424,16.432849884033203,0.6405746340751648,0.5591700077056885,pancake,274.92730712890625
OSR107,Quinoa khichdi/khichri,open_source_recipes,267.1944274902344,64.01083374023438,8.831241607666016,3.178802013397217,1.591099739074707,0.6878358125686646,2.576716423034668,bowl,203.7144775390625
OSR108,Khakhra chaat,open_source_recipes,1484.3170166015625,358.6632995605469,16.642343521118164,4.5239996910095215,30.647899627685547,3.2619199752807617,3.041581869125366,plate,2996.461669921875
OSR110,Banana appam,open_source_recipes,1938.602783203125,469.8054504394531,20.057649612426758,1.1678863763809204,42.527591705322266,9.94823932647705,0.6738700270652771,appam,1364.197509765625
OSR111,Veg manchurian,open_source_recipes,2411.09423828125,585.6408081054688,6.818906784057617,0.889366090297699,61.65210723876953,0.7571099996566772,1.1610925197601318,plate,1141.692138671875
OSR112,Pav bhaji,open_source_recipes,401.6280822753906,96.52545928955078,11.993011474609375,2.660388708114624,4.317642688751221,2.0570600032806396,1.9795962572097778,,560.9789428710938
OSR113,Rice murukku,open_source_recipes,2454.307861328125,593.989990234375,33.2929573059082,5.414796352386475,48.2248420715332,0.1703379601240158,2.182837963104248,piece,183.28834533691406
OSR114,Bhel puri ,open_source_recipes,2104.68603515625,509.886962890625,16.467708587646484,3.5175111293792725,47.91156768798828,3.4082601070404053,2.2402548789978027,plate,3573.644775390625
OSR115,Semolina dhokla (Suji/Rava dhokla),open_source_recipes,814.0942993164062,194.91468811035156,30.864978790283203,5.435585975646973,5.2013959884643555,1.847110629081726,5.1176629066467285,plate,195.35812377929688
OSR116,Spicy corn chaat ,open_source_recipes,1982.0062255859375,479.799072265625,11.446920394897461,4.6070170402526855,46.551841735839844,0.9480851292610168,2.1678731441497803,plate,2659.16650390625
OSR118,Jackfruit fritters (Ponsa mulik/Kathal ka pakora),open_source_recipes,2467.54736328125,597.7876586914062,24.002283096313477,2.3409385681152344,54.40557861328125,11.48095989227295,1.5007253885269165,mulik/fritter,160.1217041015625
OSR119,Banana chips (Kele ke chips),open_source_recipes,2739.07568359375,665.6660766601562,7.322083950042725,0.36683785915374756,70.45634460449219,4.372707366943359,0.6485693454742432,bowl,1134.1285400390625
OSR120,Wheat cake,open_source_recipes,1314.8970947265625,314.6291809082031,41.13339614868164,4.789560317993164,14.950458526611328,25.787090301513672,2.762955904006958,piece,210.2116241455078
OSR121,Mango cheesecake,open_source_recipes,518.5800170898438,152.45855712890625,20.06123161315918,2.3884427547454834,7.303961277008057,15.359848976135254,1.1448510885238647,slice,265.5637512207031
OSR122,Carrot cake (Gajar ka cake),open_source_recipes,1070.73583984375,255.58706665039062,35.9842414855957,5.599839687347412,10.270025253295898,23.95684814453125,2.9345622062683105,slice,255.4592742919922
OSR123,Semolina cake (Suji/Rava cake),open_source_recipes,1564.4161376953125,374.14044189453125,31.32412338256836,6.58126163482666,25.17984962463379,18.8614501953125,5.371186256408691,square,220.74285888671875
OSR124,Finger millet cake (Ragi cake),open_source_recipes,1169.7703857421875,279.4615173339844,38.93222427368164,3.9558770656585693,12.266904830932617,24.75986099243164,2.353050708770752,slice,275.5956115722656
OSR125,Honey cake,open_source_recipes,1395.87646484375,333.59320068359375,49.04077911376953,3.0776593685150146,14.702841758728027,33.4337158203125,0.5058419108390808,slice,546.0504150390625
OSR126,Almond cardamom cake (Badam elaichi cake),open_source_recipes,1488.4466552734375,356.34796142578125,34.53158187866211,7.177490234375,21.355758666992188,18.057777404785156,2.348621129989624,slice,242.83627319335938
OSR127,Tutti frutti cake,open_source_recipes,1454.10107421875,347.7215881347656,52.93681335449219,4.490680694580078,12.682251930236816,28.084644317626953,0.8459770083427429,cake,2949.54833984375
OSR128,Ham and Bean soup,open_source_recipes,401.910888671875,96.0418930053711,4.176568984985352,10.607390403747559,4.150700569152832,1.4349042177200317,0.5431236028671265,bowl,144.8191680908203
OSR129,Whey soup,open_source_recipes,287.3964538574219,68.91048431396484,6.2591962814331055,3.4547104835510254,3.3377671241760254,5.867488861083984,0.8394663333892822,bowl,153.9580841064453
OSR130,Bottle gourd soup (Ghiya/Lauki soup),open_source_recipes,95.36328887939453,23.048173904418945,1.1608973741531372,0.45370611548423767,1.7946178913116455,0.38852378726005554,0.9585292339324951,bowl,68.01055145263672
OSR131,Baked potato soup,open_source_recipes,611.180908203125,147.0542449951172,5.851165294647217,5.732051372528076,11.208162307739258,3.4383676052093506,0.29876479506492615,bowl,769.8779907226562
OSR132,Pumpkin soup,open_source_recipes,165.55299377441406,40.04545211791992,2.0762312412261963,0.4700942039489746,3.201167106628418,1.469531536102295,1.1907851696014404,bowl,127.51139068603516
OSR133,Sweet corn soup,open_source_recipes,135.26539611816406,32.245758056640625,3.5647780895233154,0.9903046488761902,1.632310152053833,0.8957120776176453,0.3113521337509155,bowl,126.47539520263672
OSR134,Paneer soup,open_source_recipes,200.03028869628906,47.85079574584961,2.424072742462158,3.2219648361206055,2.8007285594940186,1.977347493171692,0.28027835488319397,bowl,292.24871826171875
OSR135,Curried Cauliflower soup,open_source_recipes,155.49725341796875,37.3232421875,3.1168854236602783,6.715078353881836,9.773260116577148,1.7909719944000244,2.3384039402008057,cup,129.8428955078125
OSR136,Millet soup,open_source_recipes,234.39434814453125,55.993324279785156,8.220386505126953,11.262971878051758,12.56999397277832,1.453009843826294,2.8229727745056152,bowl,129.64413452148438
OSR137,Lemon coriander soup,open_source_recipes,450.3244934082031,108.06228637695312,10.31631851196289,2.2682912349700928,6.258704662322998,2.195164680480957,6.769292831420898,bowl,52.52367401123047
OSR138,Garlic soup,open_source_recipes,805.1944580078125,194.85838317871094,6.985138893127441,2.3835415840148926,17.61923599243164,2.3867361545562744,1.6631944179534912,bowl,280.5960693359375
OSR139,Dal makhani,open_source_recipes,291.36614990234375,74.04019927978516,7.9594902992248535,3.3151679039001465,3.063302993774414,0.7979497909545898,2.271136522293091,bowl,261.62567138671875
OSR141,Dalma,open_source_recipes,500.9732360839844,118.9263687133789,15.042756080627441,4.908376216888428,4.58409309387207,3.0963120460510254,2.159248113632202,bowl,313.7039794921875
OSR142,Split bengal gram dal (Channa dal),open_source_recipes,415.0822448730469,99.6711654663086,9.994173049926758,4.151535987854004,4.622377872467041,0.9755985736846924,3.7171425819396973,bowl,291.2042541503906
OSR143,Horsegram dal (Kulthi dal) ,open_source_recipes,232.2489776611328,55.64741134643555,8.206653594970703,2.9093685150146484,1.134617567062378,0.7221468091011047,1.5217235088348389,bowl,200.7939453125
OSR144,Panchmel dal,open_source_recipes,462.3517150878906,111.22245025634766,10.708924293518066,4.625019073486328,5.355630397796631,0.746546745300293,3.1967275142669678,bowl,334.60162353515625
OSR145,Dal dhokli,open_source_recipes,287.334228515625,68.73714447021484,8.545230865478516,2.957137107849121,2.4705216884613037,1.1223342418670654,1.8612905740737915,bowl,231.4104766845703
OSR146,Gujarati handvo ,open_source_recipes,865.1173095703125,207.08944702148438,31.855331420898438,8.239668846130371,4.8008952140808105,2.510761260986328,4.954425811767578,cake,1442.543701171875
OSR147,Sev (Omapodi/Karapusa),open_source_recipes,2514.8349609375,609.1427612304688,12.869951248168945,5.116390705108643,60.076416015625,0.5254898071289062,2.3469502925872803,plate,834.2210083007812
OSR148,Papdi,open_source_recipes,2919.197021484375,708.9610595703125,12.893328666687012,1.8294638395309448,72.11148071289062,0.3131486177444458,0.5640878081321716,plate,1231.376708984375
OSR151,Jowar dosa,open_source_recipes,1225.4005126953125,294.3470153808594,40.53221130371094,8.503503799438477,10.27633285522461,0.5922584533691406,5.561932563781738,dosa,97.24771881103516
OSR152,Bread roll,open_source_recipes,1800.115966796875,435.45611572265625,16.117511749267578,2.8546462059020996,40.24937438964844,0.9438027143478394,1.446118712425232,bread roll,526.9236450195312
OSR153,Soya seekh kebab,open_source_recipes,478.89276123046875,115.0494155883789,10.00042724609375,5.395382404327393,5.878253936767578,0.5147953629493713,2.2374064922332764,kabab,65.75074005126953
OSR154,Classic seasoned black beans,open_source_recipes,120.36504364013672,28.77848243713379,7.656426429748535,8.007211685180664,8.283315658569336,0.4413317143917084,3.5063984394073486,bowl,50.71248245239258
OSR155,Maa chaane ki dal,open_source_recipes,1438.245849609375,344.66571044921875,43.10886001586914,19.800254821777344,9.504158020019531,1.0539500713348389,13.450533866882324,bowl,279.437744140625
OSR156,Garlic chickpea soup (Lahasun aur chane ka shoraba),open_source_recipes,373.80816650390625,89.53046417236328,13.917947769165039,4.4476823806762695,2.014414072036743,2.6529541015625,2.8396425247192383,soup bowl,284.8934020996094
ASC071,White sauce (thin),asc_manual,479.08062744140625,115.16873931884766,6.578080654144287,3.312936544418335,8.407753944396973,4.584376335144043,0.07416506856679916,,
ASC072,White sauce (medium),asc_manual,627.7615356445312,151.2744140625,7.977153301239014,3.358149528503418,11.762419700622559,4.323345184326172,0.13750889897346497,,
ASC073,White sauce (thick),asc_manual,868.3291625976562,209.69386291503906,10.240869522094727,3.4313042163848877,17.190311431884766,3.900993824005127,0.24000000953674316,,
ASC074,Cheese sauce,asc_manual,808.6754150390625,194.7616424560547,7.081819534301758,7.683526515960693,15.124773025512695,4.527501583099365,0.11798131465911865,,
ASC075,Egg sauce,asc_manual,610.6255493164062,146.85301208496094,5.879554271697998,5.967252254486084,11.078859329223633,3.191239356994629,0.12417049705982208,,
ASC076,Mushroom sauce,asc_manual,570.9683227539062,137.56356811523438,7.312911510467529,3.3937973976135254,10.506138801574707,3.85556960105896,0.46674051880836487,,
ASC077,Mustard sauce,asc_manual,658.295166015625,158.58372497558594,8.286389350891113,3.9789583683013916,12.174097061157227,4.218264102935791,0.1341666728258133,,
ASC078,Brown sauce,asc_manual,450.70343017578125,109.17575073242188,5.378172397613525,11.92262077331543,23.673311233520508,0.12962068617343903,1.6895172595977783,,
ASC130,Classic italian pasta,asc_manual,175.25189208984375,42.119998931884766,4.4022040367126465,0.5723424553871155,2.453221082687378,2.939479351043701,1.3620562553405762,,
ASC131,Pasta spinach sauce,asc_manual,353.2829895019531,85.46442413330078,1.7601345777511597,1.7649435997009277,7.8962721824646,1.041579246520996,0.8597145080566406,,
ASC132,Pasta cheese sauce,asc_manual,621.7614135742188,149.26318359375,9.002586364746094,4.331730365753174,10.84160327911377,4.216065406799316,0.1378142088651657,,
ASC266,Mayonnaise,asc_manual,3188.898193359375,774.8582153320312,1.6493878364562988,1.8649659156799316,84.52489471435547,1.4419047832489014,0.11278911679983139,,
ASC267,Low calorie quick mayonnaise,asc_manual,1002.2222290039062,242.89141845703125,4.711345195770264,1.4058868885040283,24.350173950195312,0.8263547420501709,0.0646393746137619,,
ASC268,Thousand island dressing,asc_manual,1681.3148193359375,407.8734130859375,4.494444370269775,1.3655555248260498,42.86518478393555,3.1048147678375244,0.45629629492759705,,
ASC388,Curd dip,asc_manual,336.8268737792969,79.95415496826172,7.948309898376465,5.043828964233398,3.3587372303009033,7.119185447692871,0.10338085889816284,,
ASC394,Short crust pastry,asc_manual,1751.2745361328125,422.09527587890625,44.71599197387695,6.105966567993164,23.977088928222656,3.17899751663208,1.5809069871902466,,
ASC406,Choux pastry,asc_manual,922.56201171875,222.37022399902344,16.195444107055664,5.551392555236816,14.95645523071289,1.504810094833374,0.5589873194694519,,
ASC410,Flaky pastry,asc_manual,1836.7421875,443.9402770996094,33.6063346862793,4.6877827644348145,31.986425399780273,0.8099547624588013,1.2488688230514526,,
ASC428,Sponge cake ,asc_manual,1070.1492919921875,253.77114868164062,44.63233947753906,9.184377670288086,4.741591930389404,26.328857421875,0.6865671873092651,,
ASC434,Glace icing,asc_manual,1381.27392578125,323.5146179199219,86.31465911865234,0.005616438575088978,0.01027397345751524,85.35054779052734,0.0,,
ASC436,Royal icing,asc_manual,1419.2493896484375,332.58343505859375,86.52952575683594,1.7395058870315552,0.018705882132053375,85.57211303710938,0.0,,
ASC437,American frosting,asc_manual,1097.9278564453125,257.5739440917969,67.47669219970703,1.05374014377594,0.00850107055157423,67.46106719970703,0.0,,
ASC438,Gum icing,asc_manual,951.873291015625,223.07041931152344,53.1887321472168,5.943661689758301,0.0,52.630985260009766,0.0,,
ASC475,Channa murmura premix,asc_manual,1418.7872314453125,339.09222412109375,72.58899688720703,10.586999893188477,3.2760000228881836,1.5190000534057617,8.211999893188477,,
ASC476,Cracked wheat and green gram dal premix (Dalia moong dal premix),asc_manual,1515.280029296875,362.1578063964844,64.74500274658203,15.890999794006348,5.1080002784729,0.6319999694824219,11.661999702453613,,
ASC477,Rice flakes and roasted channa ,asc_manual,1394.9871826171875,333.40399169921875,71.93799591064453,10.565999984741211,2.940000057220459,1.309000015258789,8.842000007629395,,
ASC479,Spinach soup in milk ,asc_manual,237.3333282470703,56.72266387939453,3.9766666889190674,2.886666774749756,3.200000047683716,3.3399999141693115,0.7933333516120911,,
ASC480,Vegetable soup,asc_manual,230.14117431640625,55.20608139038086,7.601568698883057,2.217254877090454,1.5501961708068848,1.6094118356704712,3.013725519180298,,
ASC481,Mashed banana with milk,asc_manual,400.32257080078125,95.43451690673828,14.622580528259277,2.5064516067504883,2.9935483932495117,11.348386764526367,0.7129032611846924,,
ASC484,Poha with curd (Poha aur dahi),asc_manual,725.4109497070312,173.32456970214844,26.723424911499023,6.011369705200195,4.653630256652832,5.460479736328125,1.0943834781646729,,
ASC485,Potato with curd,asc_manual,307.17132568359375,73.1800765991211,12.005975723266602,3.191235065460205,1.3326693773269653,3.298804759979248,1.0219123363494873,,
ASC486,Sweet wheat porridge (Sweet dalia),asc_manual,588.54443359375,140.66305541992188,23.767778396606445,5.114999771118164,2.793888807296753,12.233888626098633,2.365000009536743,,
ASC487,Vegetable khichdi/khichri,asc_manual,597.93359375,143.16549682617188,19.57269287109375,5.610701084136963,4.525830268859863,3.709594249725342,2.4538745880126953,,
ASC489,Moong dal mixture,asc_manual,671.9189453125,158.83575439453125,33.92567443847656,4.6208109855651855,1.002972960472107,24.682973861694336,1.8972972631454468,,
ASC490,Cracked wheat khichri/khichdi (Dalia khichri/khichdi),asc_manual,699.3031616210938,167.45303344726562,22.34886932373047,7.55656099319458,5.5158371925354,3.787330389022827,3.7447962760925293,,
ASC492,Stewed apple,asc_manual,389.1428527832031,91.93085479736328,22.49142837524414,0.16571427881717682,0.36571428179740906,20.445714950561523,1.4799998998641968,,
ASC493,Lemon squash (Nimbu ka squash),asc_manual,786.8348388671875,184.55859375,48.87726974487305,0.15379883348941803,0.06151953339576721,48.87726974487305,0.0,,
ASC494,Orange squash (Santre ka squash),asc_manual,823.13134765625,193.25868225097656,50.88280487060547,0.21531836688518524,0.03998769447207451,50.5567512512207,0.3968009650707245,,
ASC495,Lichi squash,asc_manual,844.3555908203125,198.33128356933594,51.956321716308594,0.30452167987823486,0.07997538894414902,51.307289123535156,0.4121808409690857,,
ASC496,Mango squash (Aam ka squash),asc_manual,828.9757080078125,194.65548706054688,50.9627799987793,0.16610273718833923,0.16917870938777924,50.836666107177734,0.5782836079597473,,
ASC497,Pineapple squash (Ananas ka squash),asc_manual,830.513671875,195.0230712890625,51.344200134277344,0.15995077788829803,0.04921562597155571,51.07966613769531,1.0642879009246826,,
ASC498,Lemon and ginger squash (Nimbu aur adrak ka squash),asc_manual,725.3823852539062,170.3428955078125,44.06078338623047,0.5438368916511536,0.20993702113628387,42.529239654541016,1.0716785192489624,,
ASC499,Apple jam (Seb ka murabba),asc_manual,802.5,188.7895050048828,48.55500030517578,0.14499999582767487,0.3199999928474426,46.76499938964844,1.2949999570846558,,
ASC500,Plum jam (Aloo bukhara jam),asc_manual,760.576904296875,178.8855743408203,46.20192337036133,0.3076923191547394,0.19230769574642181,45.25480651855469,0.995192289352417,,
ASC501,Pineapple jam ,asc_manual,633.6792602539062,149.1791534423828,38.26698303222656,0.3216981291770935,0.15094339847564697,37.44245147705078,2.2028303146362305,,
ASC502,Guava jelly (Amrood ki jelly),asc_manual,491.5384521484375,115.7423095703125,28.176923751831055,1.1076922416687012,0.2461538463830948,27.384614944458008,6.607692241668701,,
ASC503,Orange marmalade (Santray ka murabba),asc_manual,441.8044128417969,104.16790771484375,25.942712783813477,0.6608833074569702,0.1293690800666809,25.087129592895508,1.9669716358184814,,
ASC504,Carrot murabba (Gajar ka murabba),asc_manual,746.3333129882812,175.24032592773438,45.599998474121094,0.3166666626930237,0.15666666626930237,44.82666778564453,1.3933333158493042,,
ASC505,Gooseberry marmalade (Amla murabba),asc_manual,523.9782104492188,123.1607666015625,32.34332275390625,0.13623978197574615,0.0272479560226202,28.610353469848633,0.0,,
ASC506,Ginger candy (Adrak ki candy),asc_manual,833.125,195.70938110351562,50.381248474121094,0.6937500238418579,0.265625,47.98749923706055,1.6749999523162842,,
ASC507,Mango pickle (Aam ka achaar),asc_manual,804.0582885742188,192.11915588378906,8.114914894104004,1.5958982706069946,17.888084411621094,1.794661045074463,3.676610231399536,,
ASC509,Mixed vegetable pickle (Sabziyoon ka achaar),asc_manual,884.1813354492188,211.2047119140625,7.483425140380859,1.8994140625,19.682106018066406,2.769052267074585,2.7636446952819824,,
ASC511,Sweet lemon pickle (Neembu ka meetha achaar),asc_manual,295.300048828125,69.54161071777344,16.8696346282959,1.220234990119934,0.20840078592300415,14.631742477416992,2.1344974040985107,,
ASC512,Plum chutney (Aloo bukhara ki chutney),asc_manual,752.2881469726562,177.1083221435547,44.95407485961914,0.46561577916145325,0.28589901328086853,43.90357208251953,1.368325114250183,,
ASC513,Raw mango chutney (Kachhe aam/Kairi ki chutney),asc_manual,821.2232666015625,193.1336212158203,49.940528869628906,0.5147537589073181,0.15571090579032898,45.22427749633789,2.1696717739105225,,
ASC514,Tomato sauce,asc_manual,144.76837158203125,34.327598571777344,7.233640193939209,0.8106241226196289,0.27367115020751953,5.687477111816406,1.7875062227249146,,
ASC515,Tomato puree,asc_manual,86.44905853271484,20.624134063720703,3.6844708919525146,0.7517309784889221,0.24727992713451385,2.319485664367676,1.5628091096878052,,
BFP001,Garam masala,bfp_manual,1063.6607666015625,254.2149200439453,26.19553565979004,9.887499809265137,10.972321510314941,1.7910714149475098,35.56428527832031,,
BFP002,Chat masala,bfp_manual,931.9240112304688,222.5819091796875,23.86600112915039,8.190000534057617,9.913000106811523,0.7899999618530273,18.621000289916992,,
BFP003,Kashmiri masala,bfp_manual,1630.0416259765625,389.0205993652344,23.160572052001953,8.25822925567627,31.0297908782959,2.41015625,12.120207786560059,,
BFP004,Rasam powder (Rasam masala),bfp_manual,1121.17529296875,267.96087646484375,25.18659782409668,12.037423133850098,11.802268028259277,1.9109278917312622,35.709381103515625,,
BFP005,Sambar powder (Sambar masala),bfp_manual,1241.4117431640625,297.4648742675781,23.37696075439453,12.496862411499023,15.577156066894531,1.8711764812469482,34.55549240112305,,
BFP095,Tartare sauce,bfp_manual,2515.35302734375,610.9349975585938,2.9600000381469727,1.435882329940796,66.11764526367188,2.1823527812957764,0.4158823490142822,,
BFP096,Barbeque sauce,bfp_manual,512.7210083007812,121.93416595458984,20.462318420410156,0.957167387008667,4.513476371765137,18.878625869750977,0.6895279288291931,,
BFP097,Bread sauce,bfp_manual,463.7803955078125,111.0420150756836,8.692389488220215,3.460142135620117,7.050684452056885,4.6297101974487305,0.5615115165710449,,
BFP163,Green chilli sauce,bfp_manual,192.6481475830078,46.05666732788086,7.364814758300781,1.2481482028961182,0.2666666507720947,5.359259128570557,1.7666666507720947,,
BFP164,Home made plain noodles,bfp_manual,997.040771484375,238.7798614501953,44.50380325317383,6.207882404327393,3.5636091232299805,1.0725973844528198,1.6538373231887817,,
BFP166,Dal moong,bfp_manual,181.8898162841797,43.686439514160156,4.920639514923096,2.2027125358581543,1.6174625158309937,0.12666811048984528,1.0771321058273315,,
BFP167,Cumin seeds baghar (Jeera baghar/tadka),bfp_manual,3034.923095703125,736.8055419921875,5.218461513519287,3.336153984069824,78.76769256591797,0.489230751991272,6.007692337036133,,
BFP168,Onion tomato baghar (Pyaaz tamatar ka tadka),bfp_manual,568.0244140625,137.5240936279297,6.172307014465332,1.259573221206665,11.977766036987305,3.505309581756592,2.1191818714141846,,
BFP169,Mustard seeds baghar (Mustard seed tadka),bfp_manual,2278.853515625,552.5924072265625,10.445137977600098,4.730339527130127,54.29782485961914,1.1445329189300537,9.742091178894043,,
BFP360,Hot cherry sauce,bfp_manual,1064.61962890625,252.74057006835938,67.94575500488281,0.13233959674835205,0.07128969579935074,17.650680541992188,0.0,,
BFP583,Apple jelly (Seb ki jelly),bfp_manual,647.0,152.12632751464844,39.369998931884766,0.09666667133569717,0.2133333384990692,38.176666259765625,0.8633333444595337,,
BFP585,Marmalade (Murabba),bfp_manual,612.0,143.76133728027344,37.63999938964844,0.23333333432674408,0.04333333298563957,37.28666687011719,0.429999977350235,,
BFP589,Plum squash (Aloo bukhara squash),bfp_manual,899.2752075195312,211.16770935058594,55.51112365722656,0.15996001660823822,0.09997500479221344,55.01874542236328,0.5173707008361816,,
BFP595,Lemon green chilli pickle (Nimboo aur hari mirch ka achaar),bfp_manual,59.10763931274414,14.074198722839355,2.1417949199676514,0.8513461351394653,0.24358974397182465,1.004807710647583,1.0695513486862183,,
BFP597,Brinjal pickle (Baingan ka achaar),bfp_manual,581.7536010742188,139.00650024414062,4.229420185089111,2.2393479347229004,12.977826118469238,1.0698550939559937,4.616231918334961,,
BFP598,Sweet and sour tomato pickle (Khatta meetha tamatar ka achaar),bfp_manual,255.43484497070312,60.87690734863281,6.554004192352295,1.257986068725586,3.238919734954834,4.309064865112305,2.195364475250244,,
BFP599,Jhatpat achar with carrot (Jhatpat achaar gajar ke saath),bfp_manual,381.70123291015625,91.21414947509766,6.324066162109375,1.9809129238128662,6.548755168914795,3.0358920097351074,5.075103759765625,,
BFP601,Tomato chutney (Tamatar ki chutney),bfp_manual,745.4306030273438,176.06993103027344,31.845258712768555,0.9701142907142639,6.009744167327881,30.016298294067383,1.4896570444107056,,
BFP602,Tomato ketchup,bfp_manual,139.0197296142578,33.068580627441406,6.4782514572143555,0.9050446152687073,0.3000456988811493,4.684992790222168,1.8968619108200073,,
OSR082,Bengal 5 Spice Blend (Panch Phoran),open_source_recipes,1212.52001953125,289.794189453125,19.99799919128418,18.260000228881836,22.1560001373291,1.399999976158142,18.399999618530273,,
